FrameNo;Time;HipCenter;HipCenterCoordinates.x;HipCenterCoordinates.y;HipCenterCoordinates.z;Spine;SpineCoordinates.x;SpineCoordinates.y;SpineCoordinates.z;ShoulderCenter;ShoulderLeftCoordinates.x;ShoulderLeftCoordinates.y;ShoulderLeftCoordinates.z;Head;HeadCoordinates.x;HeadCoordinates.y;HeadCoordinates.z;ShoulderLeft;ShoulderLeftCoordinates.x;ShoulderLeftCoordinates.y;ShoulderLeftCoordinates.z;ElbowLeft;ElbowLeftCoordinates.x;ElbowLeftCoordinates.y;ElbowLeftCoordinates.z;WristLeft;WristLeftCoordinates.x;WristLeftCoordinates.y;WristLeftCoordinates.z;HandLeft;HandLeftCoordinates.x;HandLeftCoordinates.y;HandLeftCoordinates.z;ShoulderRight;ShoulderRightCoordinates.x;ShoulderRightCoordinates.y;ShoulderRightCoordinates.z;ElbowRight;ElbowRightCoordinates.x;ShoulderRightCoordinates.y;ShoulderRightCoordinates.z;WristRight;WristRightCoordinates.x;WristRightCoordinates.y;WristRightCoordinates.z;HandRight;HandRightCoordinates.x;HandRightCoordinates.y;HandRightCoordinates.z;HipLeft;HipLeftCoordinates.x;HipLeftCoordinates.y;HipLeftCoordinates.z;KneeLeft;KneeLeftCoordinates.x;KneeLeftCoordinates.y;KneeLeftCoordinates.z;AnkleLeft;AnkleLeftCoordinates.x;AnkleLeftCoordinates.y;AnkleLeftCoordinates.z;FootLeft;FootLeftCoordinates.x;FootLeftCoordinates.y;FootLeftCoordinates.z;HipRight;HipRightCoordinates.x;HipRightCoordinates.y;HipRightCoordinates.z;KneeRight;KneeRightCoordinates.x;KneeRightCoordinates.y;KneeRightCoordinates.z;AnkleRight;AnkleRightCoordinates.x;AnkleRightCoordinates.y;AnkleRightCoordinates.z;FootRight;FootRightCoordinates.x;FootRightCoordinates.y;FootRightCoordinates.z
Frame1;0.000;0;-0.055;0.535;3.129;1;-0.058;0.573;3.188;2;-0.051;0.886;3.254;3;-0.049;1.081;3.264;4;-0.203;0.758;3.181;5;-0.298;0.538;3.218;6;-0.321;0.352;3.149;7;-0.303;0.281;3.120;8;0.077;0.762;3.212;9;0.177;0.534;3.237;10;0.216;0.362;3.148;11;0.225;0.295;3.127;12;-0.118;0.454;3.098;13;-0.124;0.071;3.121;14;-0.151;-0.238;3.178;15;-0.145;-0.269;3.093;16;0.007;0.492;3.112;17;0.015;0.057;3.143;18;0.039;-0.248;3.203;19;0.017;-0.324;3.203
Frame2;0.038;0;-0.066;0.539;3.126;1;-0.067;0.577;3.186;2;-0.051;0.897;3.257;3;-0.049;1.084;3.264;4;-0.206;0.763;3.186;5;-0.299;0.537;3.219;6;-0.321;0.352;3.150;7;-0.305;0.281;3.120;8;0.080;0.765;3.214;9;0.177;0.535;3.237;10;0.211;0.365;3.144;11;0.225;0.296;3.125;12;-0.138;0.467;3.095;13;-0.124;0.072;3.121;14;-0.151;-0.238;3.178;15;-0.145;-0.269;3.093;16;-0.008;0.493;3.108;17;0.015;0.057;3.143;18;0.039;-0.248;3.203;19;0.025;-0.326;3.204
Frame3;0.074;0;-0.077;0.545;3.122;1;-0.076;0.583;3.183;2;-0.053;0.903;3.259;3;-0.049;1.086;3.264;4;-0.207;0.768;3.189;5;-0.299;0.536;3.219;6;-0.321;0.352;3.151;7;-0.325;0.289;3.114;8;0.081;0.767;3.215;9;0.177;0.535;3.237;10;0.208;0.367;3.140;11;0.223;0.295;3.119;12;-0.150;0.483;3.092;13;-0.125;0.072;3.120;14;-0.151;-0.238;3.178;15;-0.145;-0.269;3.093;16;-0.027;0.499;3.094;17;0.015;0.057;3.143;18;0.040;-0.248;3.204;19;0.029;-0.328;3.206
Frame4;0.091;0;-0.077;0.545;3.122;1;-0.076;0.583;3.183;2;-0.053;0.903;3.259;3;-0.049;1.086;3.264;4;-0.207;0.768;3.189;5;-0.299;0.536;3.219;6;-0.321;0.352;3.151;7;-0.325;0.289;3.114;8;0.081;0.767;3.215;9;0.177;0.535;3.237;10;0.208;0.367;3.140;11;0.223;0.295;3.119;12;-0.150;0.483;3.092;13;-0.125;0.072;3.120;14;-0.151;-0.238;3.178;15;-0.145;-0.269;3.093;16;-0.027;0.499;3.094;17;0.015;0.057;3.143;18;0.040;-0.248;3.204;19;0.029;-0.328;3.206
Frame5;0.108;0;-0.084;0.552;3.121;1;-0.083;0.590;3.182;2;-0.054;0.906;3.261;3;-0.050;1.089;3.263;4;-0.207;0.773;3.191;5;-0.299;0.538;3.221;6;-0.321;0.354;3.152;7;-0.339;0.296;3.109;8;0.085;0.769;3.220;9;0.177;0.535;3.237;10;0.206;0.369;3.136;11;0.218;0.305;3.111;12;-0.157;0.493;3.090;13;-0.125;0.073;3.120;14;-0.151;-0.238;3.178;15;-0.144;-0.269;3.093;16;-0.034;0.502;3.094;17;0.015;0.057;3.143;18;0.041;-0.247;3.204;19;0.032;-0.328;3.205
Frame6;0.124;0;-0.084;0.552;3.121;1;-0.083;0.590;3.182;2;-0.054;0.906;3.261;3;-0.050;1.089;3.263;4;-0.207;0.773;3.191;5;-0.299;0.538;3.221;6;-0.321;0.354;3.152;7;-0.339;0.296;3.109;8;0.085;0.769;3.220;9;0.177;0.535;3.237;10;0.206;0.369;3.136;11;0.218;0.305;3.111;12;-0.157;0.493;3.090;13;-0.125;0.073;3.120;14;-0.151;-0.238;3.178;15;-0.144;-0.269;3.093;16;-0.034;0.502;3.094;17;0.015;0.057;3.143;18;0.041;-0.247;3.204;19;0.032;-0.328;3.205
Frame7;0.142;0;-0.087;0.556;3.121;1;-0.087;0.594;3.182;2;-0.055;0.909;3.261;3;-0.049;1.090;3.263;4;-0.206;0.777;3.192;5;-0.300;0.540;3.222;6;-0.323;0.358;3.152;7;-0.346;0.300;3.106;8;0.089;0.771;3.227;9;0.177;0.535;3.237;10;0.205;0.370;3.133;11;0.217;0.314;3.104;12;-0.160;0.499;3.090;13;-0.125;0.073;3.120;14;-0.151;-0.238;3.178;15;-0.144;-0.269;3.093;16;-0.037;0.504;3.095;17;0.014;0.057;3.144;18;0.042;-0.247;3.204;19;0.036;-0.327;3.202
Frame8;0.159;0;-0.087;0.556;3.121;1;-0.087;0.594;3.182;2;-0.055;0.909;3.261;3;-0.049;1.090;3.263;4;-0.206;0.777;3.192;5;-0.300;0.540;3.222;6;-0.323;0.358;3.152;7;-0.346;0.300;3.106;8;0.089;0.771;3.227;9;0.177;0.535;3.237;10;0.205;0.370;3.133;11;0.217;0.314;3.104;12;-0.160;0.499;3.090;13;-0.125;0.073;3.120;14;-0.151;-0.238;3.178;15;-0.144;-0.269;3.093;16;-0.037;0.504;3.095;17;0.014;0.057;3.144;18;0.042;-0.247;3.204;19;0.036;-0.327;3.202
Frame9;0.175;0;-0.089;0.560;3.120;1;-0.089;0.598;3.181;2;-0.056;0.911;3.262;3;-0.049;1.091;3.263;4;-0.206;0.779;3.193;5;-0.300;0.541;3.222;6;-0.329;0.363;3.147;7;-0.361;0.306;3.094;8;0.090;0.774;3.228;9;0.176;0.536;3.237;10;0.208;0.375;3.130;11;0.226;0.319;3.089;12;-0.161;0.504;3.088;13;-0.125;0.074;3.120;14;-0.151;-0.238;3.178;15;-0.144;-0.269;3.093;16;-0.037;0.506;3.094;17;0.011;0.057;3.143;18;0.042;-0.246;3.204;19;0.042;-0.323;3.196
Frame10;0.192;0;-0.089;0.560;3.120;1;-0.089;0.598;3.181;2;-0.056;0.911;3.262;3;-0.049;1.091;3.263;4;-0.206;0.779;3.193;5;-0.300;0.541;3.222;6;-0.329;0.363;3.147;7;-0.361;0.306;3.094;8;0.090;0.774;3.228;9;0.176;0.536;3.237;10;0.208;0.375;3.130;11;0.226;0.319;3.089;12;-0.161;0.504;3.088;13;-0.125;0.074;3.120;14;-0.151;-0.238;3.178;15;-0.144;-0.269;3.093;16;-0.037;0.506;3.094;17;0.011;0.057;3.143;18;0.042;-0.246;3.204;19;0.042;-0.323;3.196
Frame11;0.209;0;-0.089;0.563;3.119;1;-0.090;0.601;3.180;2;-0.058;0.912;3.261;3;-0.051;1.093;3.262;4;-0.207;0.780;3.193;5;-0.300;0.541;3.223;6;-0.350;0.375;3.138;7;-0.383;0.317;3.082;8;0.091;0.776;3.230;9;0.169;0.541;3.234;10;0.216;0.384;3.127;11;0.255;0.338;3.074;12;-0.159;0.508;3.087;13;-0.126;0.077;3.117;14;-0.151;-0.238;3.178;15;-0.143;-0.269;3.093;16;-0.031;0.506;3.094;17;0.009;0.060;3.142;18;0.042;-0.246;3.204;19;0.036;-0.320;3.195
Frame12;0.226;0;-0.089;0.563;3.119;1;-0.090;0.601;3.180;2;-0.058;0.912;3.261;3;-0.051;1.093;3.262;4;-0.207;0.780;3.193;5;-0.300;0.541;3.223;6;-0.350;0.375;3.138;7;-0.383;0.317;3.082;8;0.091;0.776;3.230;9;0.169;0.541;3.234;10;0.216;0.384;3.127;11;0.255;0.338;3.074;12;-0.159;0.508;3.087;13;-0.126;0.077;3.117;14;-0.151;-0.238;3.178;15;-0.143;-0.269;3.093;16;-0.031;0.506;3.094;17;0.009;0.060;3.142;18;0.042;-0.246;3.204;19;0.036;-0.320;3.195
Frame13;0.243;0;-0.089;0.565;3.118;1;-0.089;0.603;3.179;2;-0.059;0.913;3.260;3;-0.054;1.095;3.261;4;-0.230;0.785;3.205;5;-0.301;0.541;3.222;6;-0.388;0.398;3.111;7;-0.426;0.350;3.068;8;0.066;0.772;3.205;9;0.165;0.543;3.234;10;0.245;0.417;3.116;11;0.299;0.374;3.058;12;-0.159;0.510;3.087;13;-0.127;0.079;3.115;14;-0.151;-0.237;3.177;15;-0.146;-0.269;3.092;16;-0.029;0.505;3.094;17;0.008;0.062;3.140;18;0.043;-0.245;3.203;19;0.027;-0.315;3.192
Frame14;0.260;0;-0.089;0.565;3.118;1;-0.089;0.603;3.179;2;-0.059;0.913;3.260;3;-0.054;1.095;3.261;4;-0.230;0.785;3.205;5;-0.301;0.541;3.222;6;-0.388;0.398;3.111;7;-0.426;0.350;3.068;8;0.066;0.772;3.205;9;0.165;0.543;3.234;10;0.245;0.417;3.116;11;0.299;0.374;3.058;12;-0.159;0.510;3.087;13;-0.127;0.079;3.115;14;-0.151;-0.237;3.177;15;-0.146;-0.269;3.092;16;-0.029;0.505;3.094;17;0.008;0.062;3.140;18;0.043;-0.245;3.203;19;0.027;-0.315;3.192
Frame15;0.276;0;-0.088;0.564;3.117;1;-0.087;0.603;3.179;2;-0.060;0.913;3.259;3;-0.061;1.094;3.256;4;-0.237;0.785;3.207;5;-0.303;0.541;3.222;6;-0.418;0.429;3.086;7;-0.460;0.391;3.051;8;0.054;0.769;3.195;9;0.161;0.547;3.235;10;0.273;0.461;3.102;11;0.332;0.433;3.059;12;-0.150;0.505;3.065;13;-0.131;0.078;3.112;14;-0.151;-0.237;3.176;15;-0.148;-0.268;3.091;16;-0.021;0.468;3.113;17;0.005;0.066;3.134;18;0.044;-0.245;3.202;19;0.025;-0.314;3.191
Frame16;0.294;0;-0.088;0.564;3.117;1;-0.087;0.603;3.179;2;-0.060;0.913;3.259;3;-0.061;1.094;3.256;4;-0.237;0.785;3.207;5;-0.303;0.541;3.222;6;-0.418;0.429;3.086;7;-0.460;0.391;3.051;8;0.054;0.769;3.195;9;0.161;0.547;3.235;10;0.273;0.461;3.102;11;0.332;0.433;3.059;12;-0.150;0.505;3.065;13;-0.131;0.078;3.112;14;-0.151;-0.237;3.176;15;-0.148;-0.268;3.091;16;-0.021;0.468;3.113;17;0.005;0.066;3.134;18;0.044;-0.245;3.202;19;0.025;-0.314;3.191
Frame17;0.311;0;-0.081;0.554;3.114;1;-0.081;0.598;3.176;2;-0.061;0.913;3.257;3;-0.066;1.092;3.253;4;-0.240;0.783;3.207;5;-0.326;0.567;3.213;6;-0.441;0.464;3.066;7;-0.488;0.448;3.025;8;0.048;0.767;3.191;9;0.159;0.561;3.234;10;0.299;0.511;3.095;11;0.342;0.506;3.074;12;-0.142;0.496;3.048;13;-0.134;0.077;3.110;14;-0.152;-0.237;3.175;15;-0.150;-0.268;3.089;16;-0.010;0.448;3.124;17;0.003;0.070;3.126;18;0.045;-0.244;3.197;19;0.037;-0.287;3.132
Frame18;0.328;0;-0.081;0.554;3.114;1;-0.081;0.598;3.176;2;-0.061;0.913;3.257;3;-0.066;1.092;3.253;4;-0.240;0.783;3.207;5;-0.326;0.567;3.213;6;-0.441;0.464;3.066;7;-0.488;0.448;3.025;8;0.048;0.767;3.191;9;0.159;0.561;3.234;10;0.299;0.511;3.095;11;0.342;0.506;3.074;12;-0.142;0.496;3.048;13;-0.134;0.077;3.110;14;-0.152;-0.237;3.175;15;-0.150;-0.268;3.089;16;-0.010;0.448;3.124;17;0.003;0.070;3.126;18;0.045;-0.244;3.197;19;0.037;-0.287;3.132
Frame19;0.345;0;-0.077;0.548;3.113;1;-0.079;0.594;3.175;2;-0.072;0.878;3.235;3;-0.071;1.091;3.250;4;-0.240;0.775;3.201;5;-0.337;0.581;3.208;6;-0.453;0.506;3.043;7;-0.488;0.515;2.998;8;0.044;0.767;3.191;9;0.158;0.570;3.234;10;0.315;0.559;3.089;11;0.343;0.573;3.080;12;-0.138;0.489;3.038;13;-0.137;0.076;3.107;14;-0.153;-0.237;3.173;15;-0.150;-0.268;3.088;16;-0.004;0.437;3.133;17;0.003;0.075;3.111;18;0.049;-0.239;3.180;19;0.053;-0.266;3.082
Frame20;0.362;0;-0.077;0.548;3.113;1;-0.079;0.594;3.175;2;-0.072;0.878;3.235;3;-0.071;1.091;3.250;4;-0.240;0.775;3.201;5;-0.337;0.581;3.208;6;-0.453;0.506;3.043;7;-0.488;0.515;2.998;8;0.044;0.767;3.191;9;0.158;0.570;3.234;10;0.315;0.559;3.089;11;0.343;0.573;3.080;12;-0.138;0.489;3.038;13;-0.137;0.076;3.107;14;-0.153;-0.237;3.173;15;-0.150;-0.268;3.088;16;-0.004;0.437;3.133;17;0.003;0.075;3.111;18;0.049;-0.239;3.180;19;0.053;-0.266;3.082
Frame21;0.379;0;-0.081;0.553;3.116;1;-0.081;0.596;3.175;2;-0.082;0.881;3.227;3;-0.076;1.090;3.246;4;-0.241;0.774;3.197;5;-0.343;0.591;3.206;6;-0.452;0.551;3.024;7;-0.456;0.580;2.994;8;0.048;0.767;3.199;9;0.159;0.580;3.234;10;0.323;0.590;3.086;11;0.337;0.624;3.083;12;-0.153;0.499;3.049;13;-0.144;0.077;3.103;14;-0.153;-0.237;3.172;15;-0.150;-0.268;3.086;16;-0.012;0.456;3.137;17;0.006;0.082;3.074;18;0.058;-0.230;3.151;19;0.070;-0.249;3.042
Frame22;0.396;0;-0.081;0.553;3.116;1;-0.081;0.596;3.175;2;-0.082;0.881;3.227;3;-0.076;1.090;3.246;4;-0.241;0.774;3.197;5;-0.343;0.591;3.206;6;-0.452;0.551;3.024;7;-0.456;0.580;2.994;8;0.048;0.767;3.199;9;0.159;0.580;3.234;10;0.323;0.590;3.086;11;0.337;0.624;3.083;12;-0.153;0.499;3.049;13;-0.144;0.077;3.103;14;-0.153;-0.237;3.172;15;-0.150;-0.268;3.086;16;-0.012;0.456;3.137;17;0.006;0.082;3.074;18;0.058;-0.230;3.151;19;0.070;-0.249;3.042
Frame23;0.413;0;-0.082;0.553;3.116;1;-0.083;0.597;3.176;2;-0.089;0.885;3.223;3;-0.080;1.090;3.244;4;-0.243;0.773;3.193;5;-0.361;0.622;3.189;6;-0.418;0.611;2.983;7;-0.416;0.628;2.941;8;0.049;0.769;3.205;9;0.163;0.594;3.237;10;0.326;0.607;3.085;11;0.325;0.643;3.071;12;-0.151;0.489;3.087;13;-0.150;0.077;3.102;14;-0.154;-0.237;3.171;15;-0.150;-0.268;3.085;16;-0.016;0.468;3.105;17;0.010;0.088;3.047;18;0.071;-0.208;3.110;19;0.061;-0.259;3.081
Frame24;0.429;0;-0.082;0.553;3.116;1;-0.083;0.597;3.176;2;-0.089;0.885;3.223;3;-0.080;1.090;3.244;4;-0.243;0.773;3.193;5;-0.361;0.622;3.189;6;-0.418;0.611;2.983;7;-0.416;0.628;2.941;8;0.049;0.769;3.205;9;0.163;0.594;3.237;10;0.326;0.607;3.085;11;0.325;0.643;3.071;12;-0.151;0.489;3.087;13;-0.150;0.077;3.102;14;-0.154;-0.237;3.171;15;-0.150;-0.268;3.085;16;-0.016;0.468;3.105;17;0.010;0.088;3.047;18;0.071;-0.208;3.110;19;0.061;-0.259;3.081
Frame25;0.446;0;-0.083;0.552;3.117;1;-0.086;0.597;3.176;2;-0.094;0.888;3.220;3;-0.088;1.091;3.238;4;-0.244;0.772;3.188;5;-0.390;0.653;3.163;6;-0.418;0.639;2.954;7;-0.350;0.628;2.888;8;0.048;0.771;3.209;9;0.159;0.615;3.246;10;0.318;0.627;3.097;11;0.312;0.641;3.061;12;-0.150;0.485;3.098;13;-0.155;0.077;3.101;14;-0.155;-0.237;3.170;15;-0.150;-0.268;3.085;16;-0.018;0.472;3.100;17;0.018;0.116;3.005;18;0.077;-0.196;3.087;19;0.081;-0.232;3.020
Frame26;0.463;0;-0.083;0.552;3.117;1;-0.086;0.597;3.176;2;-0.094;0.888;3.220;3;-0.088;1.091;3.238;4;-0.244;0.772;3.188;5;-0.390;0.653;3.163;6;-0.418;0.639;2.954;7;-0.350;0.628;2.888;8;0.048;0.771;3.209;9;0.159;0.615;3.246;10;0.318;0.627;3.097;11;0.312;0.641;3.061;12;-0.150;0.485;3.098;13;-0.155;0.077;3.101;14;-0.155;-0.237;3.170;15;-0.150;-0.268;3.085;16;-0.018;0.472;3.100;17;0.018;0.116;3.005;18;0.077;-0.196;3.087;19;0.081;-0.232;3.020
Frame27;0.480;0;-0.085;0.552;3.118;1;-0.089;0.596;3.176;2;-0.098;0.892;3.219;3;-0.095;1.091;3.234;4;-0.245;0.771;3.184;5;-0.408;0.666;3.109;6;-0.322;0.597;2.931;7;-0.281;0.584;2.882;8;0.048;0.772;3.213;9;0.163;0.648;3.272;10;0.291;0.629;3.112;11;0.286;0.608;3.054;12;-0.152;0.481;3.105;13;-0.159;0.077;3.102;14;-0.155;-0.236;3.169;15;-0.150;-0.268;3.084;16;-0.022;0.476;3.097;17;0.021;0.131;2.982;18;0.076;-0.165;3.048;19;0.086;-0.197;2.970
Frame28;0.497;0;-0.085;0.552;3.118;1;-0.089;0.596;3.176;2;-0.098;0.892;3.219;3;-0.095;1.091;3.234;4;-0.245;0.771;3.184;5;-0.408;0.666;3.109;6;-0.322;0.597;2.931;7;-0.281;0.584;2.882;8;0.048;0.772;3.213;9;0.163;0.648;3.272;10;0.291;0.629;3.112;11;0.286;0.608;3.054;12;-0.152;0.481;3.105;13;-0.159;0.077;3.102;14;-0.155;-0.236;3.169;15;-0.150;-0.268;3.084;16;-0.022;0.476;3.097;17;0.021;0.131;2.982;18;0.076;-0.165;3.048;19;0.086;-0.197;2.970
Frame29;0.514;0;-0.085;0.552;3.118;1;-0.091;0.597;3.176;2;-0.102;0.896;3.218;3;-0.104;1.094;3.230;4;-0.252;0.775;3.177;5;-0.441;0.680;3.088;6;-0.280;0.579;2.914;7;-0.234;0.541;2.889;8;0.047;0.775;3.214;9;0.165;0.662;3.275;10;0.266;0.599;3.114;11;0.252;0.548;3.043;12;-0.152;0.480;3.109;13;-0.162;0.078;3.103;14;-0.156;-0.236;3.169;15;-0.150;-0.268;3.084;16;-0.016;0.489;3.092;17;0.021;0.142;2.969;18;0.076;-0.155;3.034;19;0.088;-0.184;2.951
Frame30;0.531;0;-0.085;0.552;3.118;1;-0.091;0.597;3.176;2;-0.102;0.896;3.218;3;-0.104;1.094;3.230;4;-0.252;0.775;3.177;5;-0.441;0.680;3.088;6;-0.280;0.579;2.914;7;-0.234;0.541;2.889;8;0.047;0.775;3.214;9;0.165;0.662;3.275;10;0.266;0.599;3.114;11;0.252;0.548;3.043;12;-0.152;0.480;3.109;13;-0.162;0.078;3.103;14;-0.156;-0.236;3.169;15;-0.150;-0.268;3.084;16;-0.016;0.489;3.092;17;0.021;0.142;2.969;18;0.076;-0.155;3.034;19;0.088;-0.184;2.951
Frame31;0.548;0;-0.086;0.552;3.118;1;-0.093;0.597;3.176;2;-0.105;0.901;3.216;3;-0.111;1.098;3.226;4;-0.256;0.778;3.166;5;-0.451;0.686;3.077;6;-0.269;0.538;2.927;7;-0.218;0.497;2.900;8;0.046;0.778;3.215;9;0.167;0.670;3.276;10;0.234;0.549;3.123;11;0.225;0.485;3.066;12;-0.153;0.478;3.105;13;-0.164;0.079;3.104;14;-0.156;-0.236;3.168;15;-0.150;-0.267;3.084;16;-0.023;0.483;3.114;17;0.019;0.162;2.949;18;0.075;-0.148;3.025;19;0.090;-0.177;2.939
Frame32;0.565;0;-0.086;0.552;3.118;1;-0.093;0.597;3.176;2;-0.105;0.901;3.216;3;-0.111;1.098;3.226;4;-0.256;0.778;3.166;5;-0.451;0.686;3.077;6;-0.269;0.538;2.927;7;-0.218;0.497;2.900;8;0.046;0.778;3.215;9;0.167;0.670;3.276;10;0.234;0.549;3.123;11;0.225;0.485;3.066;12;-0.153;0.478;3.105;13;-0.164;0.079;3.104;14;-0.156;-0.236;3.168;15;-0.150;-0.267;3.084;16;-0.023;0.483;3.114;17;0.019;0.162;2.949;18;0.075;-0.148;3.025;19;0.090;-0.177;2.939
Frame33;0.582;0;-0.087;0.552;3.119;1;-0.095;0.598;3.176;2;-0.107;0.904;3.214;3;-0.114;1.101;3.223;4;-0.260;0.782;3.155;5;-0.385;0.647;3.062;6;-0.222;0.473;2.936;7;-0.179;0.416;2.920;8;0.045;0.781;3.217;9;0.168;0.673;3.272;10;0.207;0.498;3.135;11;0.200;0.414;3.103;12;-0.157;0.482;3.096;13;-0.166;0.080;3.106;14;-0.157;-0.236;3.168;15;-0.148;-0.268;3.085;16;-0.025;0.484;3.122;17;0.017;0.173;2.939;18;0.070;-0.130;3.005;19;0.077;-0.180;2.948
Frame34;0.599;0;-0.087;0.552;3.119;1;-0.095;0.598;3.176;2;-0.107;0.904;3.214;3;-0.114;1.101;3.223;4;-0.260;0.782;3.155;5;-0.385;0.647;3.062;6;-0.222;0.473;2.936;7;-0.179;0.416;2.920;8;0.045;0.781;3.217;9;0.168;0.673;3.272;10;0.207;0.498;3.135;11;0.200;0.414;3.103;12;-0.157;0.482;3.096;13;-0.166;0.080;3.106;14;-0.157;-0.236;3.168;15;-0.148;-0.268;3.085;16;-0.025;0.484;3.122;17;0.017;0.173;2.939;18;0.070;-0.130;3.005;19;0.077;-0.180;2.948
Frame35;0.616;0;-0.088;0.552;3.119;1;-0.098;0.598;3.175;2;-0.109;0.907;3.213;3;-0.117;1.103;3.221;4;-0.261;0.785;3.147;5;-0.362;0.633;3.053;6;-0.207;0.433;2.951;7;-0.170;0.382;2.933;8;0.044;0.784;3.218;9;0.169;0.637;3.265;10;0.184;0.436;3.156;11;0.185;0.352;3.160;12;-0.159;0.482;3.088;13;-0.167;0.082;3.108;14;-0.157;-0.237;3.169;15;-0.146;-0.268;3.085;16;-0.026;0.484;3.126;17;0.013;0.190;2.931;18;0.067;-0.121;2.996;19;0.070;-0.179;2.948
Frame36;0.632;0;-0.088;0.552;3.119;1;-0.098;0.598;3.175;2;-0.109;0.907;3.213;3;-0.117;1.103;3.221;4;-0.261;0.785;3.147;5;-0.362;0.633;3.053;6;-0.207;0.433;2.951;7;-0.170;0.382;2.933;8;0.044;0.784;3.218;9;0.169;0.637;3.265;10;0.184;0.436;3.156;11;0.185;0.352;3.160;12;-0.159;0.482;3.088;13;-0.167;0.082;3.108;14;-0.157;-0.237;3.169;15;-0.146;-0.268;3.085;16;-0.026;0.484;3.126;17;0.013;0.190;2.931;18;0.067;-0.121;2.996;19;0.070;-0.179;2.948
Frame37;0.649;0;-0.088;0.551;3.119;1;-0.100;0.598;3.174;2;-0.110;0.908;3.212;3;-0.119;1.105;3.219;4;-0.257;0.784;3.134;5;-0.340;0.618;3.053;6;-0.208;0.377;2.986;7;-0.178;0.323;2.965;8;0.044;0.786;3.219;9;0.165;0.600;3.260;10;0.166;0.382;3.199;11;0.180;0.305;3.208;12;-0.156;0.468;3.075;13;-0.168;0.082;3.110;14;-0.157;-0.237;3.169;15;-0.143;-0.269;3.087;16;-0.026;0.483;3.129;17;0.012;0.198;2.926;18;0.065;-0.114;2.990;19;0.065;-0.177;2.949
Frame38;0.666;0;-0.088;0.551;3.119;1;-0.100;0.598;3.174;2;-0.110;0.908;3.212;3;-0.119;1.105;3.219;4;-0.257;0.784;3.134;5;-0.340;0.618;3.053;6;-0.208;0.377;2.986;7;-0.178;0.323;2.965;8;0.044;0.786;3.219;9;0.165;0.600;3.260;10;0.166;0.382;3.199;11;0.180;0.305;3.208;12;-0.156;0.468;3.075;13;-0.168;0.082;3.110;14;-0.157;-0.237;3.169;15;-0.143;-0.269;3.087;16;-0.026;0.483;3.129;17;0.012;0.198;2.926;18;0.065;-0.114;2.990;19;0.065;-0.177;2.949
Frame39;0.683;0;-0.108;0.539;3.113;1;-0.114;0.592;3.170;2;-0.111;0.909;3.211;3;-0.120;1.105;3.217;4;-0.255;0.784;3.128;5;-0.311;0.589;3.056;6;-0.264;0.369;3.051;7;-0.225;0.302;3.022;8;0.044;0.786;3.219;9;0.153;0.558;3.259;10;0.162;0.341;3.230;11;0.190;0.278;3.251;12;-0.182;0.465;3.067;13;-0.169;0.082;3.111;14;-0.157;-0.237;3.169;15;-0.141;-0.269;3.087;16;-0.052;0.466;3.118;17;0.011;0.200;2.921;18;0.062;-0.109;2.985;19;0.061;-0.176;2.948
Frame40;0.700;0;-0.108;0.539;3.113;1;-0.114;0.592;3.170;2;-0.111;0.909;3.211;3;-0.120;1.105;3.217;4;-0.255;0.784;3.128;5;-0.311;0.589;3.056;6;-0.264;0.369;3.051;7;-0.225;0.302;3.022;8;0.044;0.786;3.219;9;0.153;0.558;3.259;10;0.162;0.341;3.230;11;0.190;0.278;3.251;12;-0.182;0.465;3.067;13;-0.169;0.082;3.111;14;-0.157;-0.237;3.169;15;-0.141;-0.269;3.087;16;-0.052;0.466;3.118;17;0.011;0.200;2.921;18;0.062;-0.109;2.985;19;0.061;-0.176;2.948
Frame41;0.716;0;-0.115;0.528;3.110;1;-0.121;0.584;3.166;2;-0.112;0.909;3.209;3;-0.120;1.104;3.215;4;-0.253;0.784;3.123;5;-0.289;0.568;3.062;6;-0.275;0.347;3.084;7;-0.241;0.290;3.047;8;0.044;0.785;3.218;9;0.143;0.534;3.258;10;0.163;0.326;3.240;11;0.199;0.254;3.265;12;-0.187;0.461;3.063;13;-0.169;0.082;3.111;14;-0.157;-0.237;3.169;15;-0.139;-0.269;3.088;16;-0.055;0.449;3.114;17;0.011;0.189;2.913;18;0.060;-0.105;2.982;19;0.058;-0.175;2.949
Frame42;0.733;0;-0.115;0.528;3.110;1;-0.121;0.584;3.166;2;-0.112;0.909;3.209;3;-0.120;1.104;3.215;4;-0.253;0.784;3.123;5;-0.289;0.568;3.062;6;-0.275;0.347;3.084;7;-0.241;0.290;3.047;8;0.044;0.785;3.218;9;0.143;0.534;3.258;10;0.163;0.326;3.240;11;0.199;0.254;3.265;12;-0.187;0.461;3.063;13;-0.169;0.082;3.111;14;-0.157;-0.237;3.169;15;-0.139;-0.269;3.088;16;-0.055;0.449;3.114;17;0.011;0.189;2.913;18;0.060;-0.105;2.982;19;0.058;-0.175;2.949
Frame43;0.750;0;-0.117;0.528;3.109;1;-0.124;0.582;3.165;2;-0.112;0.909;3.207;3;-0.118;1.100;3.208;4;-0.251;0.782;3.120;5;-0.278;0.558;3.065;6;-0.253;0.349;3.066;7;-0.239;0.283;3.053;8;0.044;0.783;3.217;9;0.129;0.516;3.250;10;0.162;0.313;3.253;11;0.205;0.273;3.266;12;-0.191;0.464;3.051;13;-0.169;0.083;3.112;14;-0.158;-0.237;3.168;15;-0.138;-0.269;3.087;16;-0.047;0.453;3.134;17;0.009;0.192;2.916;18;0.059;-0.106;2.984;19;0.056;-0.175;2.949
Frame44;0.767;0;-0.117;0.528;3.109;1;-0.124;0.582;3.165;2;-0.112;0.909;3.207;3;-0.118;1.100;3.208;4;-0.251;0.782;3.120;5;-0.278;0.558;3.065;6;-0.253;0.349;3.066;7;-0.239;0.283;3.053;8;0.044;0.783;3.217;9;0.129;0.516;3.250;10;0.162;0.313;3.253;11;0.205;0.273;3.266;12;-0.191;0.464;3.051;13;-0.169;0.083;3.112;14;-0.158;-0.237;3.168;15;-0.138;-0.269;3.087;16;-0.047;0.453;3.134;17;0.009;0.192;2.916;18;0.059;-0.106;2.984;19;0.056;-0.175;2.949
Frame45;0.784;0;-0.123;0.513;3.110;1;-0.128;0.575;3.164;2;-0.111;0.907;3.204;3;-0.117;1.096;3.205;4;-0.247;0.776;3.117;5;-0.272;0.552;3.067;6;-0.290;0.314;3.121;7;-0.260;0.264;3.084;8;0.041;0.776;3.212;9;0.123;0.507;3.248;10;0.166;0.311;3.258;11;0.209;0.271;3.271;12;-0.194;0.448;3.052;13;-0.170;0.082;3.111;14;-0.158;-0.236;3.167;15;-0.137;-0.268;3.086;16;-0.052;0.446;3.138;17;0.008;0.186;2.920;18;0.059;-0.119;2.993;19;0.055;-0.182;2.952
Frame46;0.801;0;-0.123;0.513;3.110;1;-0.128;0.575;3.164;2;-0.111;0.907;3.204;3;-0.117;1.096;3.205;4;-0.247;0.776;3.117;5;-0.272;0.552;3.067;6;-0.290;0.314;3.121;7;-0.260;0.264;3.084;8;0.041;0.776;3.212;9;0.123;0.507;3.248;10;0.166;0.311;3.258;11;0.209;0.271;3.271;12;-0.194;0.448;3.052;13;-0.170;0.082;3.111;14;-0.158;-0.236;3.167;15;-0.137;-0.268;3.086;16;-0.052;0.446;3.138;17;0.008;0.186;2.920;18;0.059;-0.119;2.993;19;0.055;-0.182;2.952
Frame47;0.818;0;-0.125;0.508;3.111;1;-0.131;0.572;3.164;2;-0.110;0.905;3.202;3;-0.116;1.094;3.203;4;-0.243;0.770;3.115;5;-0.263;0.527;3.070;6;-0.290;0.310;3.121;7;-0.244;0.271;3.061;8;0.045;0.769;3.213;9;0.123;0.501;3.249;10;0.173;0.310;3.257;11;0.215;0.282;3.260;12;-0.196;0.443;3.055;13;-0.171;0.082;3.111;14;-0.159;-0.235;3.166;15;-0.136;-0.267;3.085;16;-0.056;0.442;3.140;17;0.009;0.178;2.929;18;0.060;-0.138;3.006;19;0.070;-0.184;2.945
Frame48;0.835;0;-0.125;0.508;3.111;1;-0.131;0.572;3.164;2;-0.110;0.905;3.202;3;-0.116;1.094;3.203;4;-0.243;0.770;3.115;5;-0.263;0.527;3.070;6;-0.290;0.310;3.121;7;-0.244;0.271;3.061;8;0.045;0.769;3.213;9;0.123;0.501;3.249;10;0.173;0.310;3.257;11;0.215;0.282;3.260;12;-0.196;0.443;3.055;13;-0.171;0.082;3.111;14;-0.159;-0.235;3.166;15;-0.136;-0.267;3.085;16;-0.056;0.442;3.140;17;0.009;0.178;2.929;18;0.060;-0.138;3.006;19;0.070;-0.184;2.945
Frame49;0.851;0;-0.126;0.507;3.113;1;-0.132;0.570;3.164;2;-0.108;0.902;3.201;3;-0.114;1.092;3.202;4;-0.240;0.768;3.115;5;-0.261;0.521;3.073;6;-0.246;0.323;3.043;7;-0.214;0.270;3.021;8;0.050;0.766;3.217;9;0.127;0.505;3.254;10;0.193;0.327;3.241;11;0.231;0.276;3.229;12;-0.198;0.441;3.055;13;-0.171;0.082;3.111;14;-0.159;-0.235;3.165;15;-0.135;-0.267;3.084;16;-0.057;0.440;3.142;17;0.009;0.169;2.942;18;0.061;-0.151;3.015;19;0.079;-0.187;2.942
Frame50;0.868;0;-0.126;0.507;3.113;1;-0.132;0.570;3.164;2;-0.108;0.902;3.201;3;-0.114;1.092;3.202;4;-0.240;0.768;3.115;5;-0.261;0.521;3.073;6;-0.246;0.323;3.043;7;-0.214;0.270;3.021;8;0.050;0.766;3.217;9;0.127;0.505;3.254;10;0.193;0.327;3.241;11;0.231;0.276;3.229;12;-0.198;0.441;3.055;13;-0.171;0.082;3.111;14;-0.159;-0.235;3.165;15;-0.135;-0.267;3.084;16;-0.057;0.440;3.142;17;0.009;0.169;2.942;18;0.061;-0.151;3.015;19;0.079;-0.187;2.942
Frame51;0.885;0;-0.119;0.510;3.116;1;-0.130;0.569;3.166;2;-0.106;0.901;3.201;3;-0.109;1.091;3.202;4;-0.237;0.767;3.115;5;-0.270;0.527;3.077;6;-0.231;0.334;3.008;7;-0.197;0.282;2.987;8;0.052;0.763;3.217;9;0.143;0.521;3.265;10;0.224;0.358;3.213;11;0.260;0.298;3.173;12;-0.187;0.447;3.063;13;-0.171;0.081;3.110;14;-0.159;-0.235;3.164;15;-0.134;-0.267;3.083;16;-0.042;0.446;3.135;17;0.015;0.137;2.965;18;0.063;-0.164;3.025;19;0.085;-0.192;2.943
Frame52;0.902;0;-0.119;0.510;3.116;1;-0.130;0.569;3.166;2;-0.106;0.901;3.201;3;-0.109;1.091;3.202;4;-0.237;0.767;3.115;5;-0.270;0.527;3.077;6;-0.231;0.334;3.008;7;-0.197;0.282;2.987;8;0.052;0.763;3.217;9;0.143;0.521;3.265;10;0.224;0.358;3.213;11;0.260;0.298;3.173;12;-0.187;0.447;3.063;13;-0.171;0.081;3.110;14;-0.159;-0.235;3.164;15;-0.134;-0.267;3.083;16;-0.042;0.446;3.135;17;0.015;0.137;2.965;18;0.063;-0.164;3.025;19;0.085;-0.192;2.943
Frame53;0.919;0;-0.108;0.515;3.118;1;-0.121;0.570;3.168;2;-0.101;0.899;3.203;3;-0.083;1.091;3.217;4;-0.233;0.769;3.121;5;-0.291;0.553;3.086;6;-0.233;0.385;2.975;7;-0.203;0.321;2.955;8;0.054;0.762;3.217;9;0.154;0.545;3.271;10;0.253;0.400;3.185;11;0.289;0.346;3.120;12;-0.173;0.451;3.069;13;-0.170;0.081;3.109;14;-0.159;-0.234;3.163;15;-0.134;-0.266;3.082;16;-0.031;0.451;3.131;17;0.017;0.126;2.979;18;0.065;-0.172;3.032;19;0.090;-0.196;2.945
Frame54;0.935;0;-0.108;0.515;3.118;1;-0.121;0.570;3.168;2;-0.101;0.899;3.203;3;-0.083;1.091;3.217;4;-0.233;0.769;3.121;5;-0.291;0.553;3.086;6;-0.233;0.385;2.975;7;-0.203;0.321;2.955;8;0.054;0.762;3.217;9;0.154;0.545;3.271;10;0.253;0.400;3.185;11;0.289;0.346;3.120;12;-0.173;0.451;3.069;13;-0.170;0.081;3.109;14;-0.159;-0.234;3.163;15;-0.134;-0.266;3.082;16;-0.031;0.451;3.131;17;0.017;0.126;2.979;18;0.065;-0.172;3.032;19;0.090;-0.196;2.945
Frame55;0.952;0;-0.074;0.523;3.130;1;-0.092;0.576;3.181;2;-0.093;0.901;3.207;3;-0.071;1.093;3.225;4;-0.223;0.778;3.132;5;-0.306;0.571;3.093;6;-0.242;0.434;2.946;7;-0.219;0.379;2.924;8;0.059;0.772;3.220;9;0.159;0.557;3.275;10;0.276;0.443;3.158;11;0.318;0.403;3.079;12;-0.141;0.455;3.075;13;-0.167;0.084;3.108;14;-0.159;-0.234;3.163;15;-0.134;-0.266;3.082;16;0.004;0.457;3.152;17;0.020;0.102;3.018;18;0.073;-0.189;3.059;19;0.100;-0.214;2.971
Frame56;0.969;0;-0.074;0.523;3.130;1;-0.092;0.576;3.181;2;-0.093;0.901;3.207;3;-0.071;1.093;3.225;4;-0.223;0.778;3.132;5;-0.306;0.571;3.093;6;-0.242;0.434;2.946;7;-0.219;0.379;2.924;8;0.059;0.772;3.220;9;0.159;0.557;3.275;10;0.276;0.443;3.158;11;0.318;0.403;3.079;12;-0.141;0.455;3.075;13;-0.167;0.084;3.108;14;-0.159;-0.234;3.163;15;-0.134;-0.266;3.082;16;0.004;0.457;3.152;17;0.020;0.102;3.018;18;0.073;-0.189;3.059;19;0.100;-0.214;2.971
Frame57;0.986;0;-0.058;0.528;3.135;1;-0.078;0.578;3.186;2;-0.076;0.867;3.207;3;-0.058;1.087;3.234;4;-0.216;0.784;3.138;5;-0.319;0.589;3.098;6;-0.265;0.487;2.917;7;-0.239;0.432;2.876;8;0.062;0.780;3.222;9;0.166;0.569;3.281;10;0.305;0.508;3.133;11;0.330;0.493;3.070;12;-0.114;0.458;3.075;13;-0.161;0.084;3.109;14;-0.159;-0.234;3.162;15;-0.134;-0.266;3.081;16;0.019;0.460;3.162;17;0.026;0.090;3.042;18;0.078;-0.198;3.074;19;0.106;-0.224;2.987
Frame58;1.002;0;-0.058;0.528;3.135;1;-0.078;0.578;3.186;2;-0.076;0.867;3.207;3;-0.058;1.087;3.234;4;-0.216;0.784;3.138;5;-0.319;0.589;3.098;6;-0.265;0.487;2.917;7;-0.239;0.432;2.876;8;0.062;0.780;3.222;9;0.166;0.569;3.281;10;0.305;0.508;3.133;11;0.330;0.493;3.070;12;-0.114;0.458;3.075;13;-0.161;0.084;3.109;14;-0.159;-0.234;3.162;15;-0.134;-0.266;3.081;16;0.019;0.460;3.162;17;0.026;0.090;3.042;18;0.078;-0.198;3.074;19;0.106;-0.224;2.987
Frame59;1.019;0;-0.052;0.534;3.138;1;-0.072;0.582;3.189;2;-0.060;0.891;3.223;3;-0.047;1.091;3.241;4;-0.212;0.788;3.142;5;-0.327;0.602;3.102;6;-0.263;0.515;2.916;7;-0.274;0.515;2.855;8;0.078;0.799;3.238;9;0.171;0.577;3.285;10;0.327;0.564;3.127;11;0.335;0.568;3.092;12;-0.111;0.469;3.084;13;-0.152;0.086;3.110;14;-0.158;-0.234;3.162;15;-0.133;-0.266;3.081;16;0.012;0.477;3.153;17;0.030;0.083;3.058;18;0.090;-0.210;3.109;19;0.090;-0.268;3.083
Frame60;1.036;0;-0.052;0.534;3.138;1;-0.072;0.582;3.189;2;-0.060;0.891;3.223;3;-0.047;1.091;3.241;4;-0.212;0.788;3.142;5;-0.327;0.602;3.102;6;-0.263;0.515;2.916;7;-0.274;0.515;2.855;8;0.078;0.799;3.238;9;0.171;0.577;3.285;10;0.327;0.564;3.127;11;0.335;0.568;3.092;12;-0.111;0.469;3.084;13;-0.152;0.086;3.110;14;-0.158;-0.234;3.162;15;-0.133;-0.266;3.081;16;0.012;0.477;3.153;17;0.030;0.083;3.058;18;0.090;-0.210;3.109;19;0.090;-0.268;3.083
Frame61;1.052;0;-0.023;0.539;3.135;1;-0.044;0.586;3.189;2;-0.051;0.903;3.230;3;-0.031;1.094;3.249;4;-0.201;0.794;3.150;5;-0.336;0.649;3.130;6;-0.305;0.598;2.921;7;-0.324;0.589;2.834;8;0.087;0.800;3.241;9;0.170;0.580;3.317;10;0.317;0.604;3.155;11;0.382;0.642;3.089;12;-0.078;0.474;3.102;13;-0.145;0.087;3.111;14;-0.158;-0.234;3.162;15;-0.133;-0.266;3.081;16;0.043;0.486;3.129;17;0.032;0.079;3.069;18;0.095;-0.217;3.125;19;0.105;-0.262;3.073
Frame62;1.069;0;-0.023;0.539;3.135;1;-0.044;0.586;3.189;2;-0.051;0.903;3.230;3;-0.031;1.094;3.249;4;-0.201;0.794;3.150;5;-0.336;0.649;3.130;6;-0.305;0.598;2.921;7;-0.324;0.589;2.834;8;0.087;0.800;3.241;9;0.170;0.580;3.317;10;0.317;0.604;3.155;11;0.382;0.642;3.089;12;-0.078;0.474;3.102;13;-0.145;0.087;3.111;14;-0.158;-0.234;3.162;15;-0.133;-0.266;3.081;16;0.043;0.486;3.129;17;0.032;0.079;3.069;18;0.095;-0.217;3.125;19;0.105;-0.262;3.073
Frame63;1.087;0;-0.011;0.541;3.134;1;-0.032;0.587;3.189;2;-0.040;0.910;3.239;3;-0.020;1.096;3.255;4;-0.188;0.798;3.157;5;-0.315;0.669;3.175;6;-0.345;0.641;2.965;7;-0.357;0.651;2.870;8;0.095;0.801;3.242;9;0.169;0.580;3.329;10;0.338;0.651;3.159;11;0.413;0.688;3.119;12;-0.067;0.476;3.105;13;-0.139;0.087;3.111;14;-0.157;-0.235;3.162;15;-0.132;-0.266;3.081;16;0.055;0.489;3.122;17;0.036;0.077;3.082;18;0.098;-0.221;3.136;19;0.111;-0.264;3.082
Frame64;1.103;0;-0.007;0.545;3.134;1;-0.026;0.589;3.189;2;-0.030;0.914;3.246;3;0.023;1.095;3.273;4;-0.173;0.803;3.164;5;-0.304;0.677;3.195;6;-0.374;0.686;2.950;7;-0.390;0.705;2.892;8;0.126;0.781;3.249;9;0.175;0.568;3.284;10;0.354;0.673;3.178;11;0.441;0.722;3.155;12;-0.066;0.484;3.101;13;-0.134;0.087;3.110;14;-0.156;-0.235;3.161;15;-0.131;-0.266;3.080;16;0.059;0.492;3.119;17;0.042;0.075;3.093;18;0.100;-0.224;3.143;19;0.117;-0.265;3.086
Frame65;1.120;0;-0.007;0.545;3.134;1;-0.026;0.589;3.189;2;-0.030;0.914;3.246;3;0.023;1.095;3.273;4;-0.173;0.803;3.164;5;-0.304;0.677;3.195;6;-0.374;0.686;2.950;7;-0.390;0.705;2.892;8;0.126;0.781;3.249;9;0.175;0.568;3.284;10;0.354;0.673;3.178;11;0.441;0.722;3.155;12;-0.066;0.484;3.101;13;-0.134;0.087;3.110;14;-0.156;-0.235;3.161;15;-0.131;-0.266;3.080;16;0.059;0.492;3.119;17;0.042;0.075;3.093;18;0.100;-0.224;3.143;19;0.117;-0.265;3.086
Frame66;1.137;0;-0.007;0.545;3.134;1;-0.026;0.589;3.189;2;-0.030;0.914;3.246;3;0.023;1.095;3.273;4;-0.173;0.803;3.164;5;-0.304;0.677;3.195;6;-0.374;0.686;2.950;7;-0.390;0.705;2.892;8;0.126;0.781;3.249;9;0.175;0.568;3.284;10;0.354;0.673;3.178;11;0.441;0.722;3.155;12;-0.066;0.484;3.101;13;-0.134;0.087;3.110;14;-0.156;-0.235;3.161;15;-0.131;-0.266;3.080;16;0.059;0.492;3.119;17;0.042;0.075;3.093;18;0.100;-0.224;3.143;19;0.117;-0.265;3.086
Frame67;1.154;0;0.018;0.563;3.161;1;0.000;0.606;3.215;2;-0.009;0.912;3.258;3;0.035;1.094;3.278;4;-0.142;0.780;3.160;5;-0.284;0.660;3.191;6;-0.382;0.696;2.968;7;-0.414;0.738;2.924;8;0.142;0.777;3.258;9;0.177;0.569;3.277;10;0.363;0.667;3.190;11;0.445;0.708;3.181;12;-0.047;0.487;3.107;13;-0.123;0.085;3.103;14;-0.155;-0.235;3.160;15;-0.128;-0.266;3.079;16;0.081;0.504;3.163;17;0.049;0.074;3.100;18;0.101;-0.226;3.148;19;0.122;-0.262;3.082
Frame68;1.171;0;0.018;0.563;3.161;1;0.000;0.606;3.215;2;-0.009;0.912;3.258;3;0.035;1.094;3.278;4;-0.142;0.780;3.160;5;-0.284;0.660;3.191;6;-0.382;0.696;2.968;7;-0.414;0.738;2.924;8;0.142;0.777;3.258;9;0.177;0.569;3.277;10;0.363;0.667;3.190;11;0.445;0.708;3.181;12;-0.047;0.487;3.107;13;-0.123;0.085;3.103;14;-0.155;-0.235;3.160;15;-0.128;-0.266;3.079;16;0.081;0.504;3.163;17;0.049;0.074;3.100;18;0.101;-0.226;3.148;19;0.122;-0.262;3.082
Frame69;1.188;0;0.006;0.571;3.137;1;-0.003;0.608;3.200;2;0.023;0.898;3.267;3;0.043;1.093;3.280;4;-0.125;0.768;3.158;5;-0.281;0.626;3.168;6;-0.400;0.726;2.984;7;-0.444;0.783;2.956;8;0.154;0.773;3.264;9;0.191;0.560;3.260;10;0.401;0.692;3.216;11;0.468;0.739;3.205;12;-0.066;0.497;3.089;13;-0.113;0.079;3.093;14;-0.149;-0.229;3.144;15;-0.121;-0.261;3.064;16;0.058;0.516;3.121;17;0.055;0.072;3.105;18;0.102;-0.228;3.152;19;0.125;-0.262;3.082
Frame70;1.205;0;0.006;0.571;3.137;1;-0.003;0.608;3.200;2;0.023;0.898;3.267;3;0.043;1.093;3.280;4;-0.125;0.768;3.158;5;-0.281;0.626;3.168;6;-0.400;0.726;2.984;7;-0.444;0.783;2.956;8;0.154;0.773;3.264;9;0.191;0.560;3.260;10;0.401;0.692;3.216;11;0.468;0.739;3.205;12;-0.066;0.497;3.089;13;-0.113;0.079;3.093;14;-0.149;-0.229;3.144;15;-0.121;-0.261;3.064;16;0.058;0.516;3.121;17;0.055;0.072;3.105;18;0.102;-0.228;3.152;19;0.125;-0.262;3.082
Frame71;1.222;0;-0.003;0.573;3.129;1;-0.006;0.608;3.193;2;0.035;0.893;3.271;3;0.048;1.091;3.282;4;-0.110;0.763;3.165;5;-0.274;0.623;3.162;6;-0.426;0.782;2.994;7;-0.458;0.812;2.994;8;0.166;0.769;3.270;9;0.239;0.564;3.223;10;0.421;0.700;3.228;11;0.476;0.745;3.215;12;-0.076;0.502;3.079;13;-0.106;0.075;3.085;14;-0.145;-0.226;3.134;15;-0.117;-0.257;3.054;16;0.035;0.508;3.122;17;0.061;0.072;3.108;18;0.102;-0.229;3.155;19;0.127;-0.262;3.081
Frame72;1.239;0;-0.003;0.573;3.129;1;-0.006;0.608;3.193;2;0.035;0.893;3.271;3;0.048;1.091;3.282;4;-0.110;0.763;3.165;5;-0.274;0.623;3.162;6;-0.426;0.782;2.994;7;-0.458;0.812;2.994;8;0.166;0.769;3.270;9;0.239;0.564;3.223;10;0.421;0.700;3.228;11;0.476;0.745;3.215;12;-0.076;0.502;3.079;13;-0.106;0.075;3.085;14;-0.145;-0.226;3.134;15;-0.117;-0.257;3.054;16;0.035;0.508;3.122;17;0.061;0.072;3.108;18;0.102;-0.229;3.155;19;0.127;-0.262;3.081
Frame73;1.256;0;0.014;0.534;3.123;1;0.008;0.574;3.188;2;0.043;0.889;3.275;3;0.060;1.078;3.287;4;-0.102;0.760;3.168;5;-0.270;0.622;3.159;6;-0.415;0.786;3.042;7;-0.458;0.837;3.031;8;0.174;0.765;3.273;9;0.273;0.569;3.203;10;0.433;0.703;3.233;11;0.483;0.747;3.221;12;-0.060;0.459;3.062;13;-0.100;0.073;3.072;14;-0.142;-0.222;3.124;15;-0.114;-0.254;3.044;16;0.063;0.469;3.124;17;0.067;0.071;3.108;18;0.102;-0.230;3.156;19;0.128;-0.261;3.079
Frame74;1.272;0;0.021;0.531;3.123;1;0.014;0.570;3.187;2;0.047;0.886;3.277;3;0.067;1.074;3.289;4;-0.091;0.759;3.177;5;-0.267;0.622;3.157;6;-0.410;0.791;3.062;7;-0.459;0.848;3.044;8;0.184;0.770;3.278;9;0.286;0.573;3.193;10;0.450;0.692;3.223;11;0.485;0.742;3.218;12;-0.037;0.467;3.078;13;-0.094;0.078;3.053;14;-0.140;-0.215;3.107;15;-0.114;-0.246;3.026;16;0.072;0.471;3.121;17;0.075;0.071;3.107;18;0.102;-0.230;3.157;19;0.128;-0.260;3.077
Frame75;1.289;0;0.021;0.531;3.123;1;0.014;0.570;3.187;2;0.047;0.886;3.277;3;0.067;1.074;3.289;4;-0.091;0.759;3.177;5;-0.267;0.622;3.157;6;-0.410;0.791;3.062;7;-0.459;0.848;3.044;8;0.184;0.770;3.278;9;0.286;0.573;3.193;10;0.450;0.692;3.223;11;0.485;0.742;3.218;12;-0.037;0.467;3.078;13;-0.094;0.078;3.053;14;-0.140;-0.215;3.107;15;-0.114;-0.246;3.026;16;0.072;0.471;3.121;17;0.075;0.071;3.107;18;0.102;-0.230;3.157;19;0.128;-0.260;3.077
Frame76;1.306;0;0.021;0.531;3.123;1;0.014;0.570;3.187;2;0.047;0.886;3.277;3;0.067;1.074;3.289;4;-0.091;0.759;3.177;5;-0.267;0.622;3.157;6;-0.410;0.791;3.062;7;-0.459;0.848;3.044;8;0.184;0.770;3.278;9;0.286;0.573;3.193;10;0.450;0.692;3.223;11;0.485;0.742;3.218;12;-0.037;0.467;3.078;13;-0.094;0.078;3.053;14;-0.140;-0.215;3.107;15;-0.114;-0.246;3.026;16;0.072;0.471;3.121;17;0.075;0.071;3.107;18;0.102;-0.230;3.157;19;0.128;-0.260;3.077
Frame77;1.322;0;0.026;0.531;3.125;1;0.017;0.568;3.187;2;0.055;0.848;3.264;3;0.072;1.067;3.289;4;-0.085;0.760;3.185;5;-0.252;0.625;3.179;6;-0.394;0.796;3.075;7;-0.402;0.837;3.055;8;0.195;0.760;3.275;9;0.294;0.573;3.185;10;0.452;0.682;3.215;11;0.488;0.740;3.206;12;-0.028;0.471;3.087;13;-0.090;0.085;3.032;14;-0.139;-0.202;3.082;15;-0.116;-0.233;3.000;16;0.078;0.473;3.120;17;0.082;0.074;3.106;18;0.102;-0.230;3.157;19;0.127;-0.259;3.074
Frame78;1.339;0;0.028;0.532;3.128;1;0.020;0.568;3.189;2;0.062;0.851;3.265;3;0.076;1.066;3.288;4;-0.070;0.763;3.192;5;-0.248;0.627;3.188;6;-0.376;0.771;3.091;7;-0.353;0.815;3.076;8;0.212;0.750;3.273;9;0.307;0.575;3.184;10;0.462;0.688;3.181;11;0.481;0.754;3.151;12;-0.026;0.476;3.095;13;-0.087;0.091;3.012;14;-0.139;-0.192;3.066;15;-0.117;-0.224;2.984;16;0.079;0.474;3.121;17;0.086;0.075;3.106;18;0.101;-0.229;3.157;19;0.127;-0.258;3.073
Frame79;1.356;0;0.028;0.532;3.128;1;0.020;0.568;3.189;2;0.062;0.851;3.265;3;0.076;1.066;3.288;4;-0.070;0.763;3.192;5;-0.248;0.627;3.188;6;-0.376;0.771;3.091;7;-0.353;0.815;3.076;8;0.212;0.750;3.273;9;0.307;0.575;3.184;10;0.462;0.688;3.181;11;0.481;0.754;3.151;12;-0.026;0.476;3.095;13;-0.087;0.091;3.012;14;-0.139;-0.192;3.066;15;-0.117;-0.224;2.984;16;0.079;0.474;3.121;17;0.086;0.075;3.106;18;0.101;-0.229;3.157;19;0.127;-0.258;3.073
Frame80;1.372;0;0.029;0.535;3.131;1;0.022;0.570;3.191;2;0.067;0.861;3.269;3;0.079;1.066;3.288;4;-0.062;0.764;3.196;5;-0.246;0.634;3.201;6;-0.327;0.769;3.086;7;-0.300;0.786;3.082;8;0.208;0.767;3.267;9;0.326;0.609;3.209;10;0.456;0.714;3.123;11;0.455;0.753;3.102;12;-0.025;0.479;3.100;13;-0.084;0.101;2.991;14;-0.139;-0.186;3.056;15;-0.119;-0.217;2.973;16;0.080;0.480;3.123;17;0.094;0.074;3.109;18;0.101;-0.229;3.157;19;0.126;-0.258;3.072
Frame81;1.389;0;0.029;0.535;3.131;1;0.022;0.570;3.191;2;0.067;0.861;3.269;3;0.079;1.066;3.288;4;-0.062;0.764;3.196;5;-0.246;0.634;3.201;6;-0.327;0.769;3.086;7;-0.300;0.786;3.082;8;0.208;0.767;3.267;9;0.326;0.609;3.209;10;0.456;0.714;3.123;11;0.455;0.753;3.102;12;-0.025;0.479;3.100;13;-0.084;0.101;2.991;14;-0.139;-0.186;3.056;15;-0.119;-0.217;2.973;16;0.080;0.480;3.123;17;0.094;0.074;3.109;18;0.101;-0.229;3.157;19;0.126;-0.258;3.072
Frame82;1.406;0;0.029;0.535;3.131;1;0.022;0.570;3.191;2;0.067;0.861;3.269;3;0.079;1.066;3.288;4;-0.062;0.764;3.196;5;-0.246;0.634;3.201;6;-0.327;0.769;3.086;7;-0.300;0.786;3.082;8;0.208;0.767;3.267;9;0.326;0.609;3.209;10;0.456;0.714;3.123;11;0.455;0.753;3.102;12;-0.025;0.479;3.100;13;-0.084;0.101;2.991;14;-0.139;-0.186;3.056;15;-0.119;-0.217;2.973;16;0.080;0.480;3.123;17;0.094;0.074;3.109;18;0.101;-0.229;3.157;19;0.126;-0.258;3.072
Frame83;1.423;0;0.030;0.545;3.137;1;0.026;0.584;3.197;2;0.072;0.878;3.272;3;0.082;1.073;3.285;4;-0.057;0.771;3.202;5;-0.238;0.651;3.214;6;-0.285;0.756;3.066;7;-0.259;0.737;3.083;8;0.224;0.768;3.253;9;0.326;0.608;3.214;10;0.418;0.722;3.072;11;0.412;0.731;3.062;12;-0.028;0.491;3.108;13;-0.080;0.135;2.960;14;-0.139;-0.182;3.049;15;-0.121;-0.212;2.965;16;0.080;0.486;3.125;17;0.100;0.076;3.114;18;0.101;-0.229;3.157;19;0.122;-0.258;3.071
Frame84;1.440;0;0.030;0.551;3.146;1;0.030;0.592;3.205;2;0.076;0.888;3.273;3;0.084;1.079;3.283;4;-0.054;0.775;3.205;5;-0.235;0.660;3.222;6;-0.240;0.719;3.037;7;-0.236;0.694;3.076;8;0.229;0.770;3.247;9;0.326;0.607;3.215;10;0.371;0.721;3.006;11;0.370;0.694;3.028;12;-0.031;0.497;3.123;13;-0.077;0.163;2.944;14;-0.139;-0.176;3.045;15;-0.124;-0.206;2.960;16;0.080;0.491;3.131;17;0.106;0.076;3.121;18;0.100;-0.229;3.158;19;0.118;-0.258;3.072
Frame85;1.457;0;0.030;0.551;3.146;1;0.030;0.592;3.205;2;0.076;0.888;3.273;3;0.084;1.079;3.283;4;-0.054;0.775;3.205;5;-0.235;0.660;3.222;6;-0.240;0.719;3.037;7;-0.236;0.694;3.076;8;0.229;0.770;3.247;9;0.326;0.607;3.215;10;0.371;0.721;3.006;11;0.370;0.694;3.028;12;-0.031;0.497;3.123;13;-0.077;0.163;2.944;14;-0.139;-0.176;3.045;15;-0.124;-0.206;2.960;16;0.080;0.491;3.131;17;0.106;0.076;3.121;18;0.100;-0.229;3.158;19;0.118;-0.258;3.072
Frame86;1.474;0;0.032;0.552;3.152;1;0.033;0.594;3.210;2;0.080;0.881;3.264;3;0.085;1.083;3.282;4;-0.052;0.778;3.207;5;-0.241;0.709;3.233;6;-0.216;0.665;3.030;7;-0.217;0.642;3.072;8;0.230;0.779;3.238;9;0.327;0.614;3.210;10;0.316;0.673;2.959;11;0.311;0.651;2.936;12;-0.031;0.500;3.132;13;-0.078;0.193;2.932;14;-0.139;-0.157;3.038;15;-0.128;-0.187;2.953;16;0.083;0.485;3.137;17;0.109;0.076;3.126;18;0.099;-0.229;3.159;19;0.112;-0.259;3.074
Frame87;1.491;0;0.032;0.552;3.152;1;0.033;0.594;3.210;2;0.080;0.881;3.264;3;0.085;1.083;3.282;4;-0.052;0.778;3.207;5;-0.241;0.709;3.233;6;-0.216;0.665;3.030;7;-0.217;0.642;3.072;8;0.230;0.779;3.238;9;0.327;0.614;3.210;10;0.316;0.673;2.959;11;0.311;0.651;2.936;12;-0.031;0.500;3.132;13;-0.078;0.193;2.932;14;-0.139;-0.157;3.038;15;-0.128;-0.187;2.953;16;0.083;0.485;3.137;17;0.109;0.076;3.126;18;0.099;-0.229;3.159;19;0.112;-0.259;3.074
Frame88;1.508;0;0.040;0.553;3.158;1;0.043;0.597;3.215;2;0.086;0.906;3.262;3;0.084;1.088;3.280;4;-0.052;0.780;3.209;5;-0.243;0.724;3.239;6;-0.217;0.611;3.042;7;-0.207;0.569;3.068;8;0.223;0.793;3.228;9;0.349;0.661;3.209;10;0.274;0.610;2.978;11;0.249;0.581;2.908;12;-0.017;0.504;3.144;13;-0.080;0.217;2.924;14;-0.139;-0.125;3.029;15;-0.139;-0.183;2.991;16;0.094;0.482;3.139;17;0.111;0.082;3.133;18;0.098;-0.229;3.160;19;0.106;-0.259;3.076
Frame89;1.525;0;0.040;0.553;3.158;1;0.043;0.597;3.215;2;0.086;0.906;3.262;3;0.084;1.088;3.280;4;-0.052;0.780;3.209;5;-0.243;0.724;3.239;6;-0.217;0.611;3.042;7;-0.207;0.569;3.068;8;0.223;0.793;3.228;9;0.349;0.661;3.209;10;0.274;0.610;2.978;11;0.249;0.581;2.908;12;-0.017;0.504;3.144;13;-0.080;0.217;2.924;14;-0.139;-0.125;3.029;15;-0.139;-0.183;2.991;16;0.094;0.482;3.139;17;0.111;0.082;3.133;18;0.098;-0.229;3.160;19;0.106;-0.259;3.076
Frame90;1.542;0;0.041;0.554;3.159;1;0.046;0.599;3.216;2;0.087;0.916;3.261;3;0.084;1.093;3.279;4;-0.052;0.783;3.210;5;-0.244;0.732;3.244;6;-0.224;0.551;3.089;7;-0.217;0.481;3.071;8;0.219;0.798;3.218;9;0.335;0.655;3.152;10;0.238;0.514;2.965;11;0.208;0.467;2.905;12;-0.021;0.512;3.145;13;-0.080;0.245;2.920;14;-0.138;-0.089;3.025;15;-0.140;-0.168;3.005;16;0.094;0.481;3.135;17;0.111;0.084;3.139;18;0.096;-0.229;3.162;19;0.099;-0.259;3.079
Frame91;1.559;0;0.041;0.554;3.159;1;0.046;0.599;3.216;2;0.087;0.916;3.261;3;0.084;1.093;3.279;4;-0.052;0.783;3.210;5;-0.244;0.732;3.244;6;-0.224;0.551;3.089;7;-0.217;0.481;3.071;8;0.219;0.798;3.218;9;0.335;0.655;3.152;10;0.238;0.514;2.965;11;0.208;0.467;2.905;12;-0.021;0.512;3.145;13;-0.080;0.245;2.920;14;-0.138;-0.089;3.025;15;-0.140;-0.168;3.005;16;0.094;0.481;3.135;17;0.111;0.084;3.139;18;0.096;-0.229;3.162;19;0.099;-0.259;3.079
Frame92;1.575;0;0.039;0.556;3.159;1;0.047;0.601;3.216;2;0.087;0.922;3.260;3;0.084;1.097;3.278;4;-0.072;0.788;3.218;5;-0.263;0.694;3.245;6;-0.235;0.483;3.122;7;-0.235;0.414;3.094;8;0.215;0.801;3.209;9;0.337;0.643;3.143;10;0.235;0.473;2.983;11;0.226;0.398;2.987;12;-0.035;0.519;3.148;13;-0.074;0.278;2.907;14;-0.131;-0.027;3.013;15;-0.135;-0.114;3.008;16;0.093;0.480;3.131;17;0.110;0.085;3.143;18;0.094;-0.228;3.164;19;0.091;-0.259;3.082
Frame93;1.592;0;0.039;0.556;3.159;1;0.047;0.601;3.216;2;0.087;0.922;3.260;3;0.084;1.097;3.278;4;-0.072;0.788;3.218;5;-0.263;0.694;3.245;6;-0.235;0.483;3.122;7;-0.235;0.414;3.094;8;0.215;0.801;3.209;9;0.337;0.643;3.143;10;0.235;0.473;2.983;11;0.226;0.398;2.987;12;-0.035;0.519;3.148;13;-0.074;0.278;2.907;14;-0.131;-0.027;3.013;15;-0.135;-0.114;3.008;16;0.093;0.480;3.131;17;0.110;0.085;3.143;18;0.094;-0.228;3.164;19;0.091;-0.259;3.082
Frame94;1.609;0;0.039;0.556;3.159;1;0.048;0.602;3.216;2;0.087;0.925;3.259;3;0.083;1.100;3.277;4;-0.082;0.789;3.223;5;-0.268;0.661;3.249;6;-0.244;0.432;3.172;7;-0.257;0.360;3.125;8;0.213;0.802;3.203;9;0.332;0.636;3.137;10;0.229;0.413;3.010;11;0.218;0.346;3.002;12;-0.036;0.507;3.156;13;-0.072;0.292;2.895;14;-0.129;0.000;3.008;15;-0.133;-0.086;3.007;16;0.093;0.473;3.123;17;0.109;0.085;3.146;18;0.093;-0.228;3.166;19;0.086;-0.258;3.083
Frame95;1.626;0;0.039;0.556;3.159;1;0.048;0.602;3.216;2;0.087;0.925;3.259;3;0.083;1.100;3.277;4;-0.082;0.789;3.223;5;-0.268;0.661;3.249;6;-0.244;0.432;3.172;7;-0.257;0.360;3.125;8;0.213;0.802;3.203;9;0.332;0.636;3.137;10;0.229;0.413;3.010;11;0.218;0.346;3.002;12;-0.036;0.507;3.156;13;-0.072;0.292;2.895;14;-0.129;0.000;3.008;15;-0.133;-0.086;3.007;16;0.093;0.473;3.123;17;0.109;0.085;3.146;18;0.093;-0.228;3.166;19;0.086;-0.258;3.083
Frame96;1.642;0;0.032;0.559;3.155;1;0.046;0.603;3.214;2;0.086;0.927;3.259;3;0.077;1.103;3.273;4;-0.090;0.790;3.228;5;-0.264;0.636;3.251;6;-0.249;0.411;3.192;7;-0.265;0.324;3.164;8;0.211;0.802;3.197;9;0.293;0.588;3.120;10;0.225;0.356;3.032;11;0.224;0.302;3.031;12;-0.057;0.519;3.153;13;-0.070;0.301;2.892;14;-0.128;0.014;3.006;15;-0.133;-0.071;3.005;16;0.087;0.473;3.114;17;0.108;0.088;3.147;18;0.091;-0.228;3.167;19;0.082;-0.258;3.084
Frame97;1.659;0;0.032;0.559;3.155;1;0.046;0.603;3.214;2;0.086;0.927;3.259;3;0.077;1.103;3.273;4;-0.090;0.790;3.228;5;-0.264;0.636;3.251;6;-0.249;0.411;3.192;7;-0.265;0.324;3.164;8;0.211;0.802;3.197;9;0.293;0.588;3.120;10;0.225;0.356;3.032;11;0.224;0.302;3.031;12;-0.057;0.519;3.153;13;-0.070;0.301;2.892;14;-0.128;0.014;3.006;15;-0.133;-0.071;3.005;16;0.087;0.473;3.114;17;0.108;0.088;3.147;18;0.091;-0.228;3.167;19;0.082;-0.258;3.084
Frame98;1.676;0;0.030;0.560;3.151;1;0.045;0.604;3.211;2;0.084;0.928;3.257;3;0.070;1.105;3.269;4;-0.097;0.789;3.230;5;-0.248;0.584;3.255;6;-0.258;0.368;3.217;7;-0.278;0.274;3.195;8;0.204;0.800;3.188;9;0.269;0.558;3.113;10;0.237;0.332;3.069;11;0.244;0.252;3.072;12;-0.053;0.517;3.146;13;-0.069;0.302;2.886;14;-0.127;0.024;3.004;15;-0.133;-0.060;3.002;16;0.085;0.473;3.107;17;0.106;0.090;3.147;18;0.091;-0.227;3.167;19;0.079;-0.258;3.085
Frame99;1.692;0;0.030;0.560;3.151;1;0.045;0.604;3.211;2;0.084;0.928;3.257;3;0.070;1.105;3.269;4;-0.097;0.789;3.230;5;-0.248;0.584;3.255;6;-0.258;0.368;3.217;7;-0.278;0.274;3.195;8;0.204;0.800;3.188;9;0.269;0.558;3.113;10;0.237;0.332;3.069;11;0.244;0.252;3.072;12;-0.053;0.517;3.146;13;-0.069;0.302;2.886;14;-0.127;0.024;3.004;15;-0.133;-0.060;3.002;16;0.085;0.473;3.107;17;0.106;0.090;3.147;18;0.091;-0.227;3.167;19;0.079;-0.258;3.085
Frame100;1.709;0;0.030;0.554;3.144;1;0.046;0.600;3.204;2;0.079;0.925;3.253;3;0.065;1.106;3.266;4;-0.104;0.786;3.232;5;-0.232;0.543;3.262;6;-0.262;0.348;3.228;7;-0.282;0.255;3.205;8;0.193;0.788;3.173;9;0.248;0.521;3.113;10;0.238;0.306;3.084;11;0.259;0.247;3.086;12;-0.043;0.489;3.138;13;-0.072;0.288;2.871;14;-0.127;0.028;3.005;15;-0.133;-0.054;3.000;16;0.087;0.470;3.096;17;0.105;0.091;3.147;18;0.090;-0.227;3.168;19;0.076;-0.258;3.086
Frame101;1.726;0;0.030;0.554;3.144;1;0.046;0.600;3.204;2;0.079;0.925;3.253;3;0.065;1.106;3.266;4;-0.104;0.786;3.232;5;-0.232;0.543;3.262;6;-0.262;0.348;3.228;7;-0.282;0.255;3.205;8;0.193;0.788;3.173;9;0.248;0.521;3.113;10;0.238;0.306;3.084;11;0.259;0.247;3.086;12;-0.043;0.489;3.138;13;-0.072;0.288;2.871;14;-0.127;0.028;3.005;15;-0.133;-0.054;3.000;16;0.087;0.470;3.096;17;0.105;0.091;3.147;18;0.090;-0.227;3.168;19;0.076;-0.258;3.086
Frame102;1.743;0;0.029;0.550;3.139;1;0.045;0.597;3.198;2;0.074;0.922;3.250;3;0.059;1.104;3.261;4;-0.111;0.780;3.233;5;-0.228;0.528;3.265;6;-0.263;0.337;3.234;7;-0.281;0.251;3.211;8;0.189;0.785;3.167;9;0.240;0.509;3.114;10;0.243;0.306;3.090;11;0.266;0.248;3.094;12;-0.046;0.478;3.134;13;-0.071;0.270;2.865;14;-0.128;0.015;3.013;15;-0.134;-0.059;3.000;16;0.088;0.469;3.090;17;0.103;0.091;3.146;18;0.090;-0.227;3.168;19;0.074;-0.258;3.086
Frame103;1.760;0;0.029;0.550;3.139;1;0.045;0.597;3.198;2;0.074;0.922;3.250;3;0.059;1.104;3.261;4;-0.111;0.780;3.233;5;-0.228;0.528;3.265;6;-0.263;0.337;3.234;7;-0.281;0.251;3.211;8;0.189;0.785;3.167;9;0.240;0.509;3.114;10;0.243;0.306;3.090;11;0.266;0.248;3.094;12;-0.046;0.478;3.134;13;-0.071;0.270;2.865;14;-0.128;0.015;3.013;15;-0.134;-0.059;3.000;16;0.088;0.469;3.090;17;0.103;0.091;3.146;18;0.090;-0.227;3.168;19;0.074;-0.258;3.086
Frame104;1.776;0;0.011;0.516;3.132;1;0.033;0.573;3.190;2;0.070;0.919;3.247;3;0.052;1.101;3.256;4;-0.117;0.770;3.233;5;-0.224;0.517;3.268;6;-0.263;0.329;3.235;7;-0.282;0.240;3.214;8;0.186;0.783;3.163;9;0.237;0.506;3.119;10;0.249;0.312;3.097;11;0.275;0.252;3.098;12;-0.058;0.460;3.133;13;-0.076;0.222;2.887;14;-0.129;-0.044;3.029;15;-0.133;-0.116;3.007;16;0.073;0.439;3.087;17;0.101;0.090;3.143;18;0.090;-0.227;3.168;19;0.073;-0.258;3.086
Frame105;1.793;0;0.011;0.516;3.132;1;0.033;0.573;3.190;2;0.070;0.919;3.247;3;0.052;1.101;3.256;4;-0.117;0.770;3.233;5;-0.224;0.517;3.268;6;-0.263;0.329;3.235;7;-0.282;0.240;3.214;8;0.186;0.783;3.163;9;0.237;0.506;3.119;10;0.249;0.312;3.097;11;0.275;0.252;3.098;12;-0.058;0.460;3.133;13;-0.076;0.222;2.887;14;-0.129;-0.044;3.029;15;-0.133;-0.116;3.007;16;0.073;0.439;3.087;17;0.101;0.090;3.143;18;0.090;-0.227;3.168;19;0.073;-0.258;3.086
Frame106;1.810;0;0.010;0.517;3.129;1;0.031;0.570;3.187;2;0.067;0.917;3.244;3;0.048;1.100;3.253;4;-0.120;0.765;3.234;5;-0.222;0.512;3.271;6;-0.260;0.332;3.228;7;-0.276;0.249;3.203;8;0.184;0.781;3.160;9;0.245;0.517;3.129;10;0.256;0.331;3.095;11;0.277;0.275;3.086;12;-0.060;0.455;3.132;13;-0.084;0.191;2.920;14;-0.132;-0.097;3.043;15;-0.136;-0.169;3.021;16;0.072;0.447;3.077;17;0.099;0.090;3.139;18;0.089;-0.227;3.168;19;0.071;-0.258;3.086
Frame107;1.827;0;0.010;0.517;3.129;1;0.031;0.570;3.187;2;0.067;0.917;3.244;3;0.048;1.100;3.253;4;-0.120;0.765;3.234;5;-0.222;0.512;3.271;6;-0.260;0.332;3.228;7;-0.276;0.249;3.203;8;0.184;0.781;3.160;9;0.245;0.517;3.129;10;0.256;0.331;3.095;11;0.277;0.275;3.086;12;-0.060;0.455;3.132;13;-0.084;0.191;2.920;14;-0.132;-0.097;3.043;15;-0.136;-0.169;3.021;16;0.072;0.447;3.077;17;0.099;0.090;3.139;18;0.089;-0.227;3.168;19;0.071;-0.258;3.086
Frame108;1.843;0;0.007;0.526;3.130;1;0.028;0.572;3.187;2;0.065;0.915;3.243;3;0.030;1.097;3.251;4;-0.121;0.763;3.234;5;-0.227;0.532;3.278;6;-0.255;0.360;3.206;7;-0.269;0.279;3.186;8;0.183;0.781;3.159;9;0.261;0.547;3.136;10;0.265;0.368;3.080;11;0.277;0.307;3.052;12;-0.063;0.454;3.134;13;-0.092;0.170;2.956;14;-0.133;-0.155;3.061;15;-0.143;-0.227;3.042;16;0.062;0.475;3.084;17;0.097;0.089;3.136;18;0.089;-0.227;3.168;19;0.071;-0.257;3.086
Frame109;1.860;0;0.007;0.526;3.130;1;0.028;0.572;3.187;2;0.065;0.915;3.243;3;0.030;1.097;3.251;4;-0.121;0.763;3.234;5;-0.227;0.532;3.278;6;-0.255;0.360;3.206;7;-0.269;0.279;3.186;8;0.183;0.781;3.159;9;0.261;0.547;3.136;10;0.265;0.368;3.080;11;0.277;0.307;3.052;12;-0.063;0.454;3.134;13;-0.092;0.170;2.956;14;-0.133;-0.155;3.061;15;-0.143;-0.227;3.042;16;0.062;0.475;3.084;17;0.097;0.089;3.136;18;0.089;-0.227;3.168;19;0.071;-0.257;3.086
Frame110;1.877;0;0.007;0.535;3.132;1;0.026;0.576;3.187;2;0.054;0.880;3.230;3;0.019;1.093;3.250;4;-0.123;0.761;3.233;5;-0.238;0.553;3.285;6;-0.259;0.396;3.177;7;-0.264;0.337;3.138;8;0.181;0.783;3.163;9;0.276;0.572;3.137;10;0.268;0.407;3.047;11;0.274;0.345;3.016;12;-0.063;0.460;3.136;13;-0.095;0.159;2.977;14;-0.134;-0.180;3.068;15;-0.146;-0.254;3.052;16;0.060;0.488;3.090;17;0.096;0.088;3.134;18;0.089;-0.226;3.168;19;0.071;-0.257;3.086
Frame111;1.894;0;0.007;0.535;3.132;1;0.026;0.576;3.187;2;0.054;0.880;3.230;3;0.019;1.093;3.250;4;-0.123;0.761;3.233;5;-0.238;0.553;3.285;6;-0.259;0.396;3.177;7;-0.264;0.337;3.138;8;0.181;0.783;3.163;9;0.276;0.572;3.137;10;0.268;0.407;3.047;11;0.274;0.345;3.016;12;-0.063;0.460;3.136;13;-0.095;0.159;2.977;14;-0.134;-0.180;3.068;15;-0.146;-0.254;3.052;16;0.060;0.488;3.090;17;0.096;0.088;3.134;18;0.089;-0.226;3.168;19;0.071;-0.257;3.086
Frame112;1.911;0;0.004;0.552;3.134;1;0.020;0.594;3.189;2;0.045;0.900;3.230;3;0.012;1.093;3.249;4;-0.124;0.761;3.233;5;-0.253;0.589;3.288;6;-0.271;0.447;3.146;7;-0.273;0.396;3.088;8;0.179;0.790;3.168;9;0.288;0.610;3.142;10;0.274;0.458;3.017;11;0.268;0.408;2.983;12;-0.069;0.475;3.135;13;-0.103;0.139;3.000;14;-0.136;-0.195;3.073;15;-0.156;-0.235;3.006;16;0.057;0.501;3.093;17;0.095;0.086;3.132;18;0.089;-0.226;3.168;19;0.071;-0.256;3.086
Frame113;1.928;0;0.004;0.552;3.134;1;0.020;0.594;3.189;2;0.045;0.900;3.230;3;0.012;1.093;3.249;4;-0.124;0.761;3.233;5;-0.253;0.589;3.288;6;-0.271;0.447;3.146;7;-0.273;0.396;3.088;8;0.179;0.790;3.168;9;0.288;0.610;3.142;10;0.274;0.458;3.017;11;0.268;0.408;2.983;12;-0.069;0.475;3.135;13;-0.103;0.139;3.000;14;-0.136;-0.195;3.073;15;-0.156;-0.235;3.006;16;0.057;0.501;3.093;17;0.095;0.086;3.132;18;0.089;-0.226;3.168;19;0.071;-0.256;3.086
Frame114;1.944;0;0.002;0.561;3.134;1;0.017;0.603;3.188;2;0.041;0.912;3.231;3;0.007;1.093;3.249;4;-0.126;0.761;3.233;5;-0.265;0.630;3.287;6;-0.298;0.509;3.119;7;-0.296;0.466;3.045;8;0.173;0.795;3.173;9;0.286;0.626;3.144;10;0.282;0.515;2.978;11;0.259;0.466;2.948;12;-0.071;0.483;3.134;13;-0.106;0.126;3.022;14;-0.137;-0.205;3.076;15;-0.161;-0.240;2.996;16;0.056;0.509;3.093;17;0.094;0.085;3.132;18;0.090;-0.226;3.168;19;0.071;-0.256;3.086
Frame115;1.962;0;0.002;0.561;3.134;1;0.017;0.603;3.188;2;0.041;0.912;3.231;3;0.007;1.093;3.249;4;-0.126;0.761;3.233;5;-0.265;0.630;3.287;6;-0.298;0.509;3.119;7;-0.296;0.466;3.045;8;0.173;0.795;3.173;9;0.286;0.626;3.144;10;0.282;0.515;2.978;11;0.259;0.466;2.948;12;-0.071;0.483;3.134;13;-0.106;0.126;3.022;14;-0.137;-0.205;3.076;15;-0.161;-0.240;2.996;16;0.056;0.509;3.093;17;0.094;0.085;3.132;18;0.090;-0.226;3.168;19;0.071;-0.256;3.086
Frame116;1.978;0;0.002;0.566;3.131;1;0.016;0.608;3.187;2;0.039;0.920;3.231;3;0.004;1.093;3.249;4;-0.128;0.762;3.228;5;-0.268;0.647;3.287;6;-0.341;0.563;3.110;7;-0.362;0.530;3.051;8;0.168;0.799;3.177;9;0.284;0.639;3.147;10;0.340;0.607;2.960;11;0.329;0.576;2.897;12;-0.070;0.489;3.122;13;-0.113;0.089;3.066;14;-0.142;-0.212;3.082;15;-0.165;-0.240;2.991;16;0.057;0.514;3.091;17;0.091;0.083;3.132;18;0.090;-0.226;3.169;19;0.072;-0.257;3.086
Frame117;1.995;0;0.002;0.566;3.131;1;0.016;0.608;3.187;2;0.039;0.920;3.231;3;0.004;1.093;3.249;4;-0.128;0.762;3.228;5;-0.268;0.647;3.287;6;-0.341;0.563;3.110;7;-0.362;0.530;3.051;8;0.168;0.799;3.177;9;0.284;0.639;3.147;10;0.340;0.607;2.960;11;0.329;0.576;2.897;12;-0.070;0.489;3.122;13;-0.113;0.089;3.066;14;-0.142;-0.212;3.082;15;-0.165;-0.240;2.991;16;0.057;0.514;3.091;17;0.091;0.083;3.132;18;0.090;-0.226;3.169;19;0.072;-0.257;3.086
Frame118;2.012;0;0.001;0.570;3.129;1;0.014;0.612;3.185;2;0.036;0.924;3.232;3;0.002;1.095;3.250;4;-0.130;0.769;3.224;5;-0.280;0.662;3.298;6;-0.311;0.596;3.117;7;-0.333;0.625;3.132;8;0.162;0.803;3.180;9;0.281;0.649;3.150;10;0.337;0.682;2.943;11;0.339;0.685;2.871;12;-0.070;0.496;3.116;13;-0.115;0.073;3.086;14;-0.157;-0.224;3.110;15;-0.158;-0.279;3.069;16;0.056;0.518;3.091;17;0.087;0.082;3.132;18;0.090;-0.227;3.170;19;0.072;-0.257;3.087
Frame119;2.029;0;0.001;0.570;3.129;1;0.014;0.612;3.185;2;0.036;0.924;3.232;3;0.002;1.095;3.250;4;-0.130;0.769;3.224;5;-0.280;0.662;3.298;6;-0.311;0.596;3.117;7;-0.333;0.625;3.132;8;0.162;0.803;3.180;9;0.281;0.649;3.150;10;0.337;0.682;2.943;11;0.339;0.685;2.871;12;-0.070;0.496;3.116;13;-0.115;0.073;3.086;14;-0.157;-0.224;3.110;15;-0.158;-0.279;3.069;16;0.056;0.518;3.091;17;0.087;0.082;3.132;18;0.090;-0.227;3.170;19;0.072;-0.257;3.087
Frame120;2.045;0;0.001;0.572;3.127;1;0.011;0.614;3.184;2;0.011;0.886;3.222;3;0.001;1.094;3.251;4;-0.133;0.784;3.207;5;-0.288;0.669;3.289;6;-0.327;0.612;3.103;7;-0.364;0.641;3.064;8;0.158;0.805;3.184;9;0.275;0.656;3.156;10;0.337;0.747;2.959;11;0.319;0.710;2.988;12;-0.071;0.500;3.111;13;-0.117;0.065;3.101;14;-0.162;-0.230;3.128;15;-0.160;-0.278;3.065;16;0.056;0.520;3.091;17;0.082;0.081;3.132;18;0.090;-0.227;3.170;19;0.076;-0.258;3.087
Frame121;2.062;0;0.001;0.572;3.127;1;0.011;0.614;3.184;2;0.011;0.886;3.222;3;0.001;1.094;3.251;4;-0.133;0.784;3.207;5;-0.288;0.669;3.289;6;-0.327;0.612;3.103;7;-0.364;0.641;3.064;8;0.158;0.805;3.184;9;0.275;0.656;3.156;10;0.337;0.747;2.959;11;0.319;0.710;2.988;12;-0.071;0.500;3.111;13;-0.117;0.065;3.101;14;-0.162;-0.230;3.128;15;-0.160;-0.278;3.065;16;0.056;0.520;3.091;17;0.082;0.081;3.132;18;0.090;-0.227;3.170;19;0.076;-0.258;3.087
Frame122;2.079;0;-0.001;0.574;3.123;1;0.007;0.616;3.181;2;0.002;0.898;3.226;3;-0.007;1.098;3.252;4;-0.130;0.794;3.197;5;-0.299;0.664;3.273;6;-0.339;0.726;3.096;7;-0.382;0.742;3.062;8;0.153;0.807;3.187;9;0.271;0.660;3.160;10;0.351;0.812;2.986;11;0.380;0.820;2.963;12;-0.070;0.507;3.103;13;-0.118;0.061;3.113;14;-0.163;-0.233;3.141;15;-0.159;-0.277;3.071;16;0.054;0.522;3.090;17;0.069;0.080;3.126;18;0.090;-0.227;3.170;19;0.078;-0.259;3.086
Frame123;2.096;0;-0.001;0.574;3.123;1;0.007;0.616;3.181;2;0.002;0.898;3.226;3;-0.007;1.098;3.252;4;-0.130;0.794;3.197;5;-0.299;0.664;3.273;6;-0.339;0.726;3.096;7;-0.382;0.742;3.062;8;0.153;0.807;3.187;9;0.271;0.660;3.160;10;0.351;0.812;2.986;11;0.380;0.820;2.963;12;-0.070;0.507;3.103;13;-0.118;0.061;3.113;14;-0.163;-0.233;3.141;15;-0.159;-0.277;3.071;16;0.054;0.522;3.090;17;0.069;0.080;3.126;18;0.090;-0.227;3.170;19;0.078;-0.259;3.086
Frame124;2.113;0;-0.004;0.565;3.119;1;0.000;0.599;3.175;2;-0.008;0.865;3.219;3;-0.013;1.092;3.252;4;-0.140;0.793;3.180;5;-0.305;0.657;3.261;6;-0.370;0.786;3.098;7;-0.404;0.824;3.067;8;0.128;0.796;3.180;9;0.267;0.663;3.168;10;0.363;0.830;3.061;11;0.393;0.863;3.037;12;-0.068;0.501;3.095;13;-0.118;0.061;3.122;14;-0.161;-0.236;3.154;15;-0.157;-0.276;3.077;16;0.051;0.509;3.094;17;0.057;0.084;3.116;18;0.089;-0.228;3.169;19;0.079;-0.259;3.085
Frame125;2.130;0;-0.004;0.565;3.119;1;0.000;0.599;3.175;2;-0.008;0.865;3.219;3;-0.013;1.092;3.252;4;-0.140;0.793;3.180;5;-0.305;0.657;3.261;6;-0.370;0.786;3.098;7;-0.404;0.824;3.067;8;0.128;0.796;3.180;9;0.267;0.663;3.168;10;0.363;0.830;3.061;11;0.393;0.863;3.037;12;-0.068;0.501;3.095;13;-0.118;0.061;3.122;14;-0.161;-0.236;3.154;15;-0.157;-0.276;3.077;16;0.051;0.509;3.094;17;0.057;0.084;3.116;18;0.089;-0.228;3.169;19;0.079;-0.259;3.085
Frame126;2.146;0;-0.005;0.557;3.114;1;-0.005;0.591;3.172;2;-0.017;0.884;3.227;3;-0.017;1.094;3.252;4;-0.148;0.792;3.172;5;-0.308;0.653;3.252;6;-0.405;0.834;3.123;7;-0.422;0.867;3.108;8;0.114;0.794;3.183;9;0.265;0.666;3.176;10;0.384;0.860;3.110;11;0.394;0.871;3.107;12;-0.065;0.497;3.085;13;-0.118;0.061;3.129;14;-0.159;-0.237;3.162;15;-0.154;-0.274;3.081;16;0.051;0.497;3.094;17;0.048;0.086;3.109;18;0.087;-0.228;3.167;19;0.080;-0.260;3.083
Frame127;2.164;0;-0.005;0.557;3.114;1;-0.005;0.591;3.172;2;-0.017;0.884;3.227;3;-0.017;1.094;3.252;4;-0.148;0.792;3.172;5;-0.308;0.653;3.252;6;-0.405;0.834;3.123;7;-0.422;0.867;3.108;8;0.114;0.794;3.183;9;0.265;0.666;3.176;10;0.384;0.860;3.110;11;0.394;0.871;3.107;12;-0.065;0.497;3.085;13;-0.118;0.061;3.129;14;-0.159;-0.237;3.162;15;-0.154;-0.274;3.081;16;0.051;0.497;3.094;17;0.048;0.086;3.109;18;0.087;-0.228;3.167;19;0.080;-0.260;3.083
Frame128;2.180;0;-0.006;0.552;3.111;1;-0.007;0.588;3.170;2;-0.022;0.893;3.232;3;-0.025;1.097;3.251;4;-0.174;0.774;3.165;5;-0.338;0.646;3.217;6;-0.439;0.850;3.153;7;-0.463;0.905;3.150;8;0.105;0.792;3.185;9;0.265;0.667;3.184;10;0.398;0.862;3.165;11;0.410;0.890;3.169;12;-0.065;0.494;3.080;13;-0.118;0.063;3.132;14;-0.157;-0.237;3.167;15;-0.152;-0.272;3.084;16;0.051;0.494;3.094;17;0.041;0.087;3.104;18;0.085;-0.229;3.165;19;0.081;-0.260;3.081
Frame129;2.197;0;-0.006;0.552;3.111;1;-0.007;0.588;3.170;2;-0.022;0.893;3.232;3;-0.025;1.097;3.251;4;-0.174;0.774;3.165;5;-0.338;0.646;3.217;6;-0.439;0.850;3.153;7;-0.463;0.905;3.150;8;0.105;0.792;3.185;9;0.265;0.667;3.184;10;0.398;0.862;3.165;11;0.410;0.890;3.169;12;-0.065;0.494;3.080;13;-0.118;0.063;3.132;14;-0.157;-0.237;3.167;15;-0.152;-0.272;3.084;16;0.051;0.494;3.094;17;0.041;0.087;3.104;18;0.085;-0.229;3.165;19;0.081;-0.260;3.081
Frame130;2.214;0;-0.038;0.556;3.111;1;-0.043;0.594;3.171;2;-0.034;0.899;3.237;3;-0.030;1.098;3.251;4;-0.183;0.770;3.161;5;-0.356;0.641;3.198;6;-0.460;0.848;3.185;7;-0.479;0.906;3.178;8;0.095;0.793;3.198;9;0.264;0.667;3.191;10;0.397;0.841;3.205;11;0.409;0.869;3.205;12;-0.095;0.495;3.080;13;-0.120;0.070;3.131;14;-0.156;-0.237;3.170;15;-0.148;-0.270;3.085;16;0.019;0.502;3.095;17;0.036;0.088;3.100;18;0.083;-0.229;3.162;19;0.083;-0.261;3.078
Frame131;2.231;0;-0.038;0.556;3.111;1;-0.043;0.594;3.171;2;-0.034;0.899;3.237;3;-0.030;1.098;3.251;4;-0.183;0.770;3.161;5;-0.356;0.641;3.198;6;-0.460;0.848;3.185;7;-0.479;0.906;3.178;8;0.095;0.793;3.198;9;0.264;0.667;3.191;10;0.397;0.841;3.205;11;0.409;0.869;3.205;12;-0.095;0.495;3.080;13;-0.120;0.070;3.131;14;-0.156;-0.237;3.170;15;-0.148;-0.270;3.085;16;0.019;0.502;3.095;17;0.036;0.088;3.100;18;0.083;-0.229;3.162;19;0.083;-0.261;3.078
Frame132;2.247;0;-0.045;0.556;3.111;1;-0.051;0.594;3.170;2;-0.059;0.875;3.226;3;-0.034;1.096;3.250;4;-0.194;0.767;3.164;5;-0.363;0.639;3.189;6;-0.470;0.837;3.219;7;-0.507;0.875;3.207;8;0.090;0.791;3.204;9;0.256;0.657;3.209;10;0.393;0.809;3.235;11;0.416;0.841;3.238;12;-0.099;0.490;3.080;13;-0.122;0.076;3.128;14;-0.155;-0.237;3.172;15;-0.146;-0.268;3.085;16;0.015;0.502;3.096;17;0.033;0.088;3.097;18;0.081;-0.230;3.159;19;0.083;-0.262;3.075
Frame133;2.265;0;-0.045;0.556;3.111;1;-0.051;0.594;3.170;2;-0.059;0.875;3.226;3;-0.034;1.096;3.250;4;-0.194;0.767;3.164;5;-0.363;0.639;3.189;6;-0.470;0.837;3.219;7;-0.507;0.875;3.207;8;0.090;0.791;3.204;9;0.256;0.657;3.209;10;0.393;0.809;3.235;11;0.416;0.841;3.238;12;-0.099;0.490;3.080;13;-0.122;0.076;3.128;14;-0.155;-0.237;3.172;15;-0.146;-0.268;3.085;16;0.015;0.502;3.096;17;0.033;0.088;3.097;18;0.081;-0.230;3.159;19;0.083;-0.262;3.075
Frame134;2.282;0;-0.070;0.545;3.107;1;-0.065;0.587;3.168;2;-0.068;0.865;3.222;3;-0.039;1.094;3.249;4;-0.202;0.766;3.169;5;-0.372;0.638;3.182;6;-0.502;0.814;3.225;7;-0.537;0.868;3.229;8;0.060;0.772;3.180;9;0.232;0.637;3.226;10;0.378;0.769;3.247;11;0.420;0.814;3.250;12;-0.132;0.478;3.075;13;-0.126;0.082;3.122;14;-0.154;-0.236;3.172;15;-0.147;-0.265;3.084;16;-0.016;0.493;3.093;17;0.030;0.088;3.095;18;0.080;-0.231;3.157;19;0.080;-0.262;3.072
Frame135;2.299;0;-0.070;0.545;3.107;1;-0.065;0.587;3.168;2;-0.068;0.865;3.222;3;-0.039;1.094;3.249;4;-0.202;0.766;3.169;5;-0.372;0.638;3.182;6;-0.502;0.814;3.225;7;-0.537;0.868;3.229;8;0.060;0.772;3.180;9;0.232;0.637;3.226;10;0.378;0.769;3.247;11;0.420;0.814;3.250;12;-0.132;0.478;3.075;13;-0.126;0.082;3.122;14;-0.154;-0.236;3.172;15;-0.147;-0.265;3.084;16;-0.016;0.493;3.093;17;0.030;0.088;3.095;18;0.080;-0.231;3.157;19;0.080;-0.262;3.072
Frame136;2.315;0;-0.077;0.541;3.105;1;-0.071;0.585;3.166;2;-0.070;0.879;3.224;3;-0.053;1.094;3.245;4;-0.208;0.764;3.170;5;-0.377;0.636;3.178;6;-0.527;0.776;3.221;7;-0.577;0.837;3.236;8;0.043;0.767;3.174;9;0.224;0.628;3.234;10;0.376;0.738;3.251;11;0.438;0.791;3.258;12;-0.137;0.474;3.072;13;-0.130;0.084;3.117;14;-0.152;-0.234;3.171;15;-0.148;-0.264;3.083;16;-0.022;0.491;3.093;17;0.028;0.087;3.093;18;0.078;-0.231;3.155;19;0.079;-0.262;3.070
Frame137;2.332;0;-0.077;0.541;3.105;1;-0.071;0.585;3.166;2;-0.070;0.879;3.224;3;-0.053;1.094;3.245;4;-0.208;0.764;3.170;5;-0.377;0.636;3.178;6;-0.527;0.776;3.221;7;-0.577;0.837;3.236;8;0.043;0.767;3.174;9;0.224;0.628;3.234;10;0.376;0.738;3.251;11;0.438;0.791;3.258;12;-0.137;0.474;3.072;13;-0.130;0.084;3.117;14;-0.152;-0.234;3.171;15;-0.148;-0.264;3.083;16;-0.022;0.491;3.093;17;0.028;0.087;3.093;18;0.078;-0.231;3.155;19;0.079;-0.262;3.070
Frame138;2.349;0;-0.081;0.539;3.104;1;-0.075;0.583;3.165;2;-0.071;0.890;3.225;3;-0.062;1.094;3.243;4;-0.214;0.766;3.173;5;-0.389;0.634;3.180;6;-0.540;0.765;3.218;7;-0.572;0.776;3.214;8;0.036;0.765;3.172;9;0.219;0.623;3.238;10;0.376;0.720;3.244;11;0.453;0.770;3.246;12;-0.140;0.471;3.069;13;-0.135;0.086;3.110;14;-0.152;-0.232;3.169;15;-0.149;-0.262;3.081;16;-0.026;0.490;3.091;17;0.026;0.086;3.092;18;0.077;-0.231;3.154;19;0.078;-0.262;3.069
Frame139;2.366;0;-0.081;0.539;3.104;1;-0.075;0.583;3.165;2;-0.071;0.890;3.225;3;-0.062;1.094;3.243;4;-0.214;0.766;3.173;5;-0.389;0.634;3.180;6;-0.540;0.765;3.218;7;-0.572;0.776;3.214;8;0.036;0.765;3.172;9;0.219;0.623;3.238;10;0.376;0.720;3.244;11;0.453;0.770;3.246;12;-0.140;0.471;3.069;13;-0.135;0.086;3.110;14;-0.152;-0.232;3.169;15;-0.149;-0.262;3.081;16;-0.026;0.490;3.091;17;0.026;0.086;3.092;18;0.077;-0.231;3.154;19;0.078;-0.262;3.069
Frame140;2.382;0;-0.081;0.537;3.103;1;-0.076;0.582;3.164;2;-0.072;0.896;3.225;3;-0.067;1.094;3.241;4;-0.217;0.765;3.174;5;-0.398;0.634;3.183;6;-0.554;0.755;3.214;7;-0.597;0.770;3.215;8;0.033;0.764;3.171;9;0.216;0.619;3.241;10;0.385;0.690;3.212;11;0.470;0.738;3.211;12;-0.138;0.469;3.068;13;-0.139;0.087;3.105;14;-0.152;-0.230;3.166;15;-0.150;-0.260;3.079;16;-0.020;0.490;3.089;17;0.025;0.086;3.091;18;0.060;-0.231;3.154;19;0.079;-0.285;3.118
Frame141;2.400;0;-0.081;0.537;3.103;1;-0.076;0.582;3.164;2;-0.072;0.896;3.225;3;-0.067;1.094;3.241;4;-0.217;0.765;3.174;5;-0.398;0.634;3.183;6;-0.554;0.755;3.214;7;-0.597;0.770;3.215;8;0.033;0.764;3.171;9;0.216;0.619;3.241;10;0.385;0.690;3.212;11;0.470;0.738;3.211;12;-0.138;0.469;3.068;13;-0.139;0.087;3.105;14;-0.152;-0.230;3.166;15;-0.150;-0.260;3.079;16;-0.020;0.490;3.089;17;0.025;0.086;3.091;18;0.060;-0.231;3.154;19;0.079;-0.285;3.118
Frame142;2.417;0;-0.106;0.522;3.091;1;-0.098;0.570;3.155;2;-0.073;0.899;3.225;3;-0.070;1.092;3.239;4;-0.219;0.765;3.175;5;-0.407;0.634;3.186;6;-0.567;0.746;3.197;7;-0.622;0.765;3.179;8;0.028;0.762;3.169;9;0.211;0.615;3.242;10;0.384;0.680;3.204;11;0.472;0.725;3.202;12;-0.158;0.460;3.068;13;-0.144;0.083;3.102;14;-0.153;-0.229;3.163;15;-0.152;-0.258;3.076;16;-0.053;0.482;3.070;17;0.024;0.084;3.090;18;0.056;-0.232;3.154;19;0.063;-0.279;3.103
Frame143;2.434;0;-0.106;0.522;3.091;1;-0.098;0.570;3.155;2;-0.073;0.899;3.225;3;-0.070;1.092;3.239;4;-0.219;0.765;3.175;5;-0.407;0.634;3.186;6;-0.567;0.746;3.197;7;-0.622;0.765;3.179;8;0.028;0.762;3.169;9;0.211;0.615;3.242;10;0.384;0.680;3.204;11;0.472;0.725;3.202;12;-0.158;0.460;3.068;13;-0.144;0.083;3.102;14;-0.153;-0.229;3.163;15;-0.152;-0.258;3.076;16;-0.053;0.482;3.070;17;0.024;0.084;3.090;18;0.056;-0.232;3.154;19;0.063;-0.279;3.103
Frame144;2.450;0;-0.110;0.519;3.090;1;-0.102;0.568;3.153;2;-0.074;0.901;3.226;3;-0.073;1.091;3.238;4;-0.220;0.765;3.175;5;-0.410;0.629;3.185;6;-0.563;0.742;3.195;7;-0.603;0.778;3.192;8;0.024;0.761;3.167;9;0.208;0.612;3.243;10;0.383;0.674;3.199;11;0.473;0.718;3.197;12;-0.156;0.458;3.063;13;-0.147;0.080;3.100;14;-0.154;-0.227;3.162;15;-0.154;-0.257;3.075;16;-0.055;0.479;3.079;17;0.021;0.069;3.096;18;0.054;-0.232;3.154;19;0.058;-0.275;3.095
Frame145;2.467;0;-0.110;0.519;3.090;1;-0.102;0.568;3.153;2;-0.074;0.901;3.226;3;-0.073;1.091;3.238;4;-0.220;0.765;3.175;5;-0.410;0.629;3.185;6;-0.563;0.742;3.195;7;-0.603;0.778;3.192;8;0.024;0.761;3.167;9;0.208;0.612;3.243;10;0.383;0.674;3.199;11;0.473;0.718;3.197;12;-0.156;0.458;3.063;13;-0.147;0.080;3.100;14;-0.154;-0.227;3.162;15;-0.154;-0.257;3.075;16;-0.055;0.479;3.079;17;0.021;0.069;3.096;18;0.054;-0.232;3.154;19;0.058;-0.275;3.095
Frame146;2.484;0;-0.105;0.523;3.091;1;-0.102;0.569;3.153;2;-0.075;0.903;3.226;3;-0.074;1.090;3.237;4;-0.220;0.764;3.175;5;-0.412;0.627;3.185;6;-0.562;0.741;3.191;7;-0.614;0.780;3.182;8;0.025;0.758;3.170;9;0.205;0.609;3.242;10;0.379;0.674;3.194;11;0.440;0.711;3.191;12;-0.149;0.468;3.060;13;-0.149;0.077;3.098;14;-0.154;-0.227;3.160;15;-0.154;-0.257;3.074;16;-0.052;0.478;3.086;17;0.020;0.066;3.097;18;0.053;-0.232;3.155;19;0.057;-0.273;3.089
Frame147;2.501;0;-0.105;0.523;3.091;1;-0.102;0.569;3.153;2;-0.075;0.903;3.226;3;-0.074;1.090;3.237;4;-0.220;0.764;3.175;5;-0.412;0.627;3.185;6;-0.562;0.741;3.191;7;-0.614;0.780;3.182;8;0.025;0.758;3.170;9;0.205;0.609;3.242;10;0.379;0.674;3.194;11;0.440;0.711;3.191;12;-0.149;0.468;3.060;13;-0.149;0.077;3.098;14;-0.154;-0.227;3.160;15;-0.154;-0.257;3.074;16;-0.052;0.478;3.086;17;0.020;0.066;3.097;18;0.053;-0.232;3.155;19;0.057;-0.273;3.089
Frame148;2.518;0;-0.092;0.470;3.075;1;-0.097;0.514;3.134;2;-0.091;0.826;3.196;3;-0.079;1.044;3.230;4;-0.217;0.762;3.173;5;-0.408;0.622;3.186;6;-0.548;0.736;3.168;7;-0.600;0.780;3.160;8;0.057;0.732;3.183;9;0.205;0.606;3.241;10;0.393;0.703;3.190;11;0.440;0.702;3.190;12;-0.143;0.428;3.044;13;-0.151;0.070;3.098;14;-0.155;-0.226;3.159;15;-0.154;-0.256;3.073;16;-0.029;0.397;3.065;17;0.024;0.045;3.108;18;0.053;-0.233;3.155;19;0.060;-0.270;3.084
Frame149;2.535;0;-0.092;0.470;3.075;1;-0.097;0.514;3.134;2;-0.091;0.826;3.196;3;-0.079;1.044;3.230;4;-0.217;0.762;3.173;5;-0.408;0.622;3.186;6;-0.548;0.736;3.168;7;-0.600;0.780;3.160;8;0.057;0.732;3.183;9;0.205;0.606;3.241;10;0.393;0.703;3.190;11;0.440;0.702;3.190;12;-0.143;0.428;3.044;13;-0.151;0.070;3.098;14;-0.155;-0.226;3.159;15;-0.154;-0.256;3.073;16;-0.029;0.397;3.065;17;0.024;0.045;3.108;18;0.053;-0.233;3.155;19;0.060;-0.270;3.084
Frame150;2.551;0;-0.075;0.446;3.072;1;-0.083;0.494;3.132;2;-0.091;0.824;3.195;3;-0.078;1.046;3.229;4;-0.217;0.762;3.173;5;-0.403;0.619;3.186;6;-0.540;0.735;3.152;7;-0.562;0.751;3.142;8;0.058;0.733;3.184;9;0.205;0.605;3.239;10;0.383;0.716;3.187;11;0.418;0.711;3.188;12;-0.136;0.405;3.035;13;-0.152;0.068;3.097;14;-0.155;-0.226;3.158;15;-0.154;-0.256;3.072;16;0.001;0.373;3.080;17;0.022;0.042;3.109;18;0.054;-0.233;3.156;19;0.061;-0.268;3.081
Frame151;2.568;0;-0.075;0.446;3.072;1;-0.083;0.494;3.132;2;-0.091;0.824;3.195;3;-0.078;1.046;3.229;4;-0.217;0.762;3.173;5;-0.403;0.619;3.186;6;-0.540;0.735;3.152;7;-0.562;0.751;3.142;8;0.058;0.733;3.184;9;0.205;0.605;3.239;10;0.383;0.716;3.187;11;0.418;0.711;3.188;12;-0.136;0.405;3.035;13;-0.152;0.068;3.097;14;-0.155;-0.226;3.158;15;-0.154;-0.256;3.072;16;0.001;0.373;3.080;17;0.022;0.042;3.109;18;0.054;-0.233;3.156;19;0.061;-0.268;3.081
Frame152;2.585;0;-0.070;0.470;3.078;1;-0.078;0.522;3.138;2;-0.078;0.874;3.209;3;-0.075;1.060;3.228;4;-0.218;0.762;3.173;5;-0.402;0.618;3.186;6;-0.537;0.736;3.145;7;-0.563;0.761;3.131;8;0.073;0.740;3.197;9;0.204;0.605;3.237;10;0.376;0.721;3.187;11;0.408;0.719;3.188;12;-0.136;0.405;3.028;13;-0.152;0.066;3.097;14;-0.155;-0.226;3.158;15;-0.154;-0.256;3.072;16;0.003;0.391;3.090;17;0.019;0.051;3.108;18;0.055;-0.233;3.157;19;0.063;-0.267;3.078
Frame153;2.602;0;-0.070;0.470;3.078;1;-0.078;0.522;3.138;2;-0.078;0.874;3.209;3;-0.075;1.060;3.228;4;-0.218;0.762;3.173;5;-0.402;0.618;3.186;6;-0.537;0.736;3.145;7;-0.563;0.761;3.131;8;0.073;0.740;3.197;9;0.204;0.605;3.237;10;0.376;0.721;3.187;11;0.408;0.719;3.188;12;-0.136;0.405;3.028;13;-0.152;0.066;3.097;14;-0.155;-0.226;3.158;15;-0.154;-0.256;3.072;16;0.003;0.391;3.090;17;0.019;0.051;3.108;18;0.055;-0.233;3.157;19;0.063;-0.267;3.078
Frame154;2.619;0;-0.067;0.468;3.078;1;-0.073;0.522;3.139;2;-0.073;0.897;3.214;3;-0.073;1.071;3.228;4;-0.219;0.761;3.172;5;-0.400;0.618;3.186;6;-0.535;0.739;3.141;7;-0.567;0.775;3.129;8;0.071;0.748;3.195;9;0.203;0.605;3.235;10;0.373;0.724;3.187;11;0.402;0.729;3.187;12;-0.135;0.401;3.025;13;-0.153;0.065;3.096;14;-0.156;-0.226;3.157;15;-0.154;-0.256;3.072;16;0.011;0.381;3.092;17;0.017;0.057;3.107;18;0.057;-0.234;3.159;19;0.063;-0.267;3.077
Frame155;2.636;0;-0.067;0.468;3.078;1;-0.073;0.522;3.139;2;-0.073;0.897;3.214;3;-0.073;1.071;3.228;4;-0.219;0.761;3.172;5;-0.400;0.618;3.186;6;-0.535;0.739;3.141;7;-0.567;0.775;3.129;8;0.071;0.748;3.195;9;0.203;0.605;3.235;10;0.373;0.724;3.187;11;0.402;0.729;3.187;12;-0.135;0.401;3.025;13;-0.153;0.065;3.096;14;-0.156;-0.226;3.157;15;-0.154;-0.256;3.072;16;0.011;0.381;3.092;17;0.017;0.057;3.107;18;0.057;-0.234;3.159;19;0.063;-0.267;3.077
Frame156;2.652;0;-0.065;0.497;3.088;1;-0.071;0.540;3.145;2;-0.071;0.908;3.217;3;-0.072;1.079;3.227;4;-0.216;0.763;3.169;5;-0.398;0.621;3.185;6;-0.534;0.744;3.133;7;-0.554;0.769;3.125;8;0.072;0.754;3.195;9;0.202;0.606;3.234;10;0.369;0.726;3.188;11;0.400;0.748;3.193;12;-0.132;0.435;3.041;13;-0.151;0.065;3.096;14;-0.156;-0.226;3.157;15;-0.154;-0.256;3.071;16;0.005;0.417;3.092;17;0.017;0.063;3.106;18;0.059;-0.234;3.160;19;0.064;-0.294;3.124
Frame157;2.669;0;-0.065;0.497;3.088;1;-0.071;0.540;3.145;2;-0.071;0.908;3.217;3;-0.072;1.079;3.227;4;-0.216;0.763;3.169;5;-0.398;0.621;3.185;6;-0.534;0.744;3.133;7;-0.554;0.769;3.125;8;0.072;0.754;3.195;9;0.202;0.606;3.234;10;0.369;0.726;3.188;11;0.400;0.748;3.193;12;-0.132;0.435;3.041;13;-0.151;0.065;3.096;14;-0.156;-0.226;3.157;15;-0.154;-0.256;3.071;16;0.005;0.417;3.092;17;0.017;0.063;3.106;18;0.059;-0.234;3.160;19;0.064;-0.294;3.124
Frame158;2.686;0;-0.067;0.510;3.092;1;-0.072;0.550;3.149;2;-0.073;0.902;3.212;3;-0.071;1.086;3.226;4;-0.215;0.764;3.167;5;-0.398;0.625;3.184;6;-0.534;0.750;3.129;7;-0.579;0.798;3.114;8;0.070;0.762;3.194;9;0.202;0.607;3.232;10;0.366;0.727;3.189;11;0.400;0.757;3.196;12;-0.133;0.453;3.055;13;-0.150;0.066;3.095;14;-0.156;-0.226;3.157;15;-0.153;-0.257;3.071;16;-0.004;0.440;3.091;17;0.017;0.067;3.106;18;0.060;-0.235;3.162;19;0.070;-0.286;3.112
Frame159;2.703;0;-0.067;0.510;3.092;1;-0.072;0.550;3.149;2;-0.073;0.902;3.212;3;-0.071;1.086;3.226;4;-0.215;0.764;3.167;5;-0.398;0.625;3.184;6;-0.534;0.750;3.129;7;-0.579;0.798;3.114;8;0.070;0.762;3.194;9;0.202;0.607;3.232;10;0.366;0.727;3.189;11;0.400;0.757;3.196;12;-0.133;0.453;3.055;13;-0.150;0.066;3.095;14;-0.156;-0.226;3.157;15;-0.153;-0.257;3.071;16;-0.004;0.440;3.091;17;0.017;0.067;3.106;18;0.060;-0.235;3.162;19;0.070;-0.286;3.112
Frame160;2.720;0;-0.074;0.523;3.094;1;-0.079;0.566;3.151;2;-0.073;0.904;3.212;3;-0.069;1.091;3.225;4;-0.210;0.771;3.166;5;-0.397;0.627;3.183;6;-0.533;0.755;3.126;7;-0.561;0.788;3.120;8;0.070;0.765;3.194;9;0.203;0.610;3.230;10;0.365;0.728;3.189;11;0.401;0.763;3.197;12;-0.136;0.462;3.062;13;-0.148;0.068;3.095;14;-0.156;-0.226;3.157;15;-0.152;-0.257;3.072;16;-0.030;0.481;3.079;17;0.016;0.069;3.106;18;0.062;-0.235;3.163;19;0.075;-0.279;3.102
Frame161;2.737;0;-0.074;0.523;3.094;1;-0.079;0.566;3.151;2;-0.073;0.904;3.212;3;-0.069;1.091;3.225;4;-0.210;0.771;3.166;5;-0.397;0.627;3.183;6;-0.533;0.755;3.126;7;-0.561;0.788;3.120;8;0.070;0.765;3.194;9;0.203;0.610;3.230;10;0.365;0.728;3.189;11;0.401;0.763;3.197;12;-0.136;0.462;3.062;13;-0.148;0.068;3.095;14;-0.156;-0.226;3.157;15;-0.152;-0.257;3.072;16;-0.030;0.481;3.079;17;0.016;0.069;3.106;18;0.062;-0.235;3.163;19;0.075;-0.279;3.102
Frame162;2.753;0;-0.061;0.533;3.097;1;-0.068;0.578;3.155;2;-0.073;0.907;3.212;3;-0.068;1.094;3.224;4;-0.208;0.774;3.165;5;-0.396;0.629;3.182;6;-0.531;0.762;3.124;7;-0.550;0.781;3.123;8;0.058;0.776;3.179;9;0.205;0.612;3.228;10;0.364;0.729;3.190;11;0.419;0.779;3.194;12;-0.115;0.464;3.073;13;-0.146;0.070;3.094;14;-0.156;-0.226;3.157;15;-0.152;-0.258;3.072;16;-0.004;0.509;3.079;17;0.016;0.071;3.106;18;0.063;-0.235;3.163;19;0.075;-0.273;3.093
Frame163;2.770;0;-0.061;0.533;3.097;1;-0.068;0.578;3.155;2;-0.073;0.907;3.212;3;-0.068;1.094;3.224;4;-0.208;0.774;3.165;5;-0.396;0.629;3.182;6;-0.531;0.762;3.124;7;-0.550;0.781;3.123;8;0.058;0.776;3.179;9;0.205;0.612;3.228;10;0.364;0.729;3.190;11;0.419;0.779;3.194;12;-0.115;0.464;3.073;13;-0.146;0.070;3.094;14;-0.156;-0.226;3.157;15;-0.152;-0.258;3.072;16;-0.004;0.509;3.079;17;0.016;0.071;3.106;18;0.063;-0.235;3.163;19;0.075;-0.273;3.093
Frame164;2.787;0;-0.087;0.556;3.095;1;-0.091;0.600;3.152;2;-0.073;0.908;3.212;3;-0.067;1.096;3.224;4;-0.207;0.777;3.165;5;-0.396;0.633;3.180;6;-0.524;0.772;3.110;7;-0.542;0.777;3.123;8;0.075;0.791;3.199;9;0.206;0.616;3.227;10;0.372;0.747;3.189;11;0.431;0.786;3.190;12;-0.148;0.478;3.077;13;-0.143;0.074;3.093;14;-0.156;-0.227;3.157;15;-0.150;-0.258;3.072;16;-0.027;0.526;3.067;17;0.016;0.072;3.107;18;0.065;-0.235;3.164;19;0.068;-0.294;3.130
Frame165;2.804;0;-0.087;0.556;3.095;1;-0.091;0.600;3.152;2;-0.073;0.908;3.212;3;-0.067;1.096;3.224;4;-0.207;0.777;3.165;5;-0.396;0.633;3.180;6;-0.524;0.772;3.110;7;-0.542;0.777;3.123;8;0.075;0.791;3.199;9;0.206;0.616;3.227;10;0.372;0.747;3.189;11;0.431;0.786;3.190;12;-0.148;0.478;3.077;13;-0.143;0.074;3.093;14;-0.156;-0.227;3.157;15;-0.150;-0.258;3.072;16;-0.027;0.526;3.067;17;0.016;0.072;3.107;18;0.065;-0.235;3.164;19;0.068;-0.294;3.130
Frame166;2.821;0;-0.084;0.562;3.095;1;-0.091;0.607;3.153;2;-0.073;0.909;3.212;3;-0.065;1.099;3.223;4;-0.208;0.781;3.167;5;-0.396;0.636;3.179;6;-0.521;0.775;3.100;7;-0.533;0.771;3.116;8;0.080;0.794;3.204;9;0.207;0.619;3.226;10;0.372;0.743;3.180;11;0.418;0.779;3.170;12;-0.145;0.478;3.081;13;-0.140;0.078;3.092;14;-0.155;-0.227;3.157;15;-0.149;-0.259;3.073;16;-0.013;0.529;3.065;17;0.016;0.073;3.107;18;0.067;-0.235;3.165;19;0.075;-0.281;3.110
Frame167;2.838;0;-0.084;0.562;3.095;1;-0.091;0.607;3.153;2;-0.073;0.909;3.212;3;-0.065;1.099;3.223;4;-0.208;0.781;3.167;5;-0.396;0.636;3.179;6;-0.521;0.775;3.100;7;-0.533;0.771;3.116;8;0.080;0.794;3.204;9;0.207;0.619;3.226;10;0.372;0.743;3.180;11;0.418;0.779;3.170;12;-0.145;0.478;3.081;13;-0.140;0.078;3.092;14;-0.155;-0.227;3.157;15;-0.149;-0.259;3.073;16;-0.013;0.529;3.065;17;0.016;0.073;3.107;18;0.067;-0.235;3.165;19;0.075;-0.281;3.110
Frame168;2.855;0;-0.072;0.566;3.097;1;-0.083;0.612;3.154;2;-0.073;0.910;3.211;3;-0.064;1.100;3.223;4;-0.210;0.784;3.169;5;-0.396;0.637;3.177;6;-0.519;0.775;3.092;7;-0.524;0.761;3.105;8;0.084;0.796;3.207;9;0.209;0.621;3.225;10;0.371;0.740;3.170;11;0.403;0.764;3.147;12;-0.133;0.477;3.079;13;-0.137;0.084;3.090;14;-0.155;-0.227;3.157;15;-0.148;-0.259;3.073;16;0.007;0.528;3.070;17;0.016;0.074;3.108;18;0.068;-0.235;3.166;19;0.079;-0.274;3.099
Frame169;2.872;0;-0.072;0.566;3.097;1;-0.083;0.612;3.154;2;-0.073;0.910;3.211;3;-0.064;1.100;3.223;4;-0.210;0.784;3.169;5;-0.396;0.637;3.177;6;-0.519;0.775;3.092;7;-0.524;0.761;3.105;8;0.084;0.796;3.207;9;0.209;0.621;3.225;10;0.371;0.740;3.170;11;0.403;0.764;3.147;12;-0.133;0.477;3.079;13;-0.137;0.084;3.090;14;-0.155;-0.227;3.157;15;-0.148;-0.259;3.073;16;0.007;0.528;3.070;17;0.016;0.074;3.108;18;0.068;-0.235;3.166;19;0.079;-0.274;3.099
Frame170;2.889;0;-0.067;0.568;3.097;1;-0.074;0.613;3.154;2;-0.073;0.911;3.211;3;-0.062;1.102;3.222;4;-0.237;0.773;3.188;5;-0.365;0.614;3.188;6;-0.491;0.731;3.081;7;-0.511;0.741;3.086;8;0.082;0.790;3.203;9;0.212;0.622;3.224;10;0.378;0.729;3.119;11;0.386;0.735;3.106;12;-0.130;0.476;3.078;13;-0.135;0.086;3.089;14;-0.155;-0.228;3.158;15;-0.148;-0.260;3.073;16;0.014;0.527;3.071;17;0.017;0.075;3.109;18;0.069;-0.235;3.166;19;0.078;-0.270;3.093
Frame171;2.906;0;-0.067;0.568;3.097;1;-0.074;0.613;3.154;2;-0.073;0.911;3.211;3;-0.062;1.102;3.222;4;-0.237;0.773;3.188;5;-0.365;0.614;3.188;6;-0.491;0.731;3.081;7;-0.511;0.741;3.086;8;0.082;0.790;3.203;9;0.212;0.622;3.224;10;0.378;0.729;3.119;11;0.386;0.735;3.106;12;-0.130;0.476;3.078;13;-0.135;0.086;3.089;14;-0.155;-0.228;3.158;15;-0.148;-0.260;3.073;16;0.014;0.527;3.071;17;0.017;0.075;3.109;18;0.069;-0.235;3.166;19;0.078;-0.270;3.093
Frame172;2.923;0;-0.063;0.568;3.097;1;-0.071;0.613;3.154;2;-0.073;0.911;3.211;3;-0.061;1.102;3.222;4;-0.226;0.778;3.183;5;-0.345;0.614;3.191;6;-0.479;0.682;3.065;7;-0.482;0.685;3.066;8;0.086;0.787;3.210;9;0.213;0.619;3.226;10;0.359;0.687;3.088;11;0.380;0.700;3.070;12;-0.127;0.477;3.073;13;-0.133;0.090;3.087;14;-0.154;-0.228;3.158;15;-0.145;-0.260;3.074;16;0.018;0.526;3.072;17;0.017;0.076;3.110;18;0.069;-0.235;3.167;19;0.080;-0.268;3.089
Frame173;2.939;0;-0.063;0.568;3.097;1;-0.071;0.613;3.154;2;-0.073;0.911;3.211;3;-0.061;1.102;3.222;4;-0.226;0.778;3.183;5;-0.345;0.614;3.191;6;-0.479;0.682;3.065;7;-0.482;0.685;3.066;8;0.086;0.787;3.210;9;0.213;0.619;3.226;10;0.359;0.687;3.088;11;0.380;0.700;3.070;12;-0.127;0.477;3.073;13;-0.133;0.090;3.087;14;-0.154;-0.228;3.158;15;-0.145;-0.260;3.074;16;0.018;0.526;3.072;17;0.017;0.076;3.110;18;0.069;-0.235;3.167;19;0.080;-0.268;3.089
Frame174;2.956;0;-0.048;0.567;3.094;1;-0.061;0.612;3.153;2;-0.073;0.911;3.211;3;-0.060;1.103;3.222;4;-0.213;0.787;3.180;5;-0.319;0.627;3.196;6;-0.455;0.616;3.050;7;-0.466;0.640;3.026;8;0.088;0.786;3.214;9;0.208;0.612;3.228;10;0.342;0.650;3.079;11;0.372;0.653;3.023;12;-0.101;0.481;3.058;13;-0.131;0.092;3.086;14;-0.154;-0.228;3.158;15;-0.143;-0.261;3.075;16;0.030;0.525;3.074;17;0.018;0.076;3.112;18;0.070;-0.235;3.167;19;0.082;-0.267;3.086
Frame175;2.973;0;-0.048;0.567;3.094;1;-0.061;0.612;3.153;2;-0.073;0.911;3.211;3;-0.060;1.103;3.222;4;-0.213;0.787;3.180;5;-0.319;0.627;3.196;6;-0.455;0.616;3.050;7;-0.466;0.640;3.026;8;0.088;0.786;3.214;9;0.208;0.612;3.228;10;0.342;0.650;3.079;11;0.372;0.653;3.023;12;-0.101;0.481;3.058;13;-0.131;0.092;3.086;14;-0.154;-0.228;3.158;15;-0.143;-0.261;3.075;16;0.030;0.525;3.074;17;0.018;0.076;3.112;18;0.070;-0.235;3.167;19;0.082;-0.267;3.086
Frame176;2.989;0;-0.040;0.567;3.093;1;-0.055;0.611;3.153;2;-0.072;0.912;3.212;3;-0.059;1.103;3.222;4;-0.209;0.791;3.179;5;-0.306;0.607;3.204;6;-0.437;0.586;3.041;7;-0.451;0.587;2.990;8;0.090;0.786;3.215;9;0.201;0.607;3.231;10;0.320;0.605;3.067;11;0.361;0.594;2.988;12;-0.093;0.482;3.054;13;-0.130;0.098;3.084;14;-0.154;-0.228;3.159;15;-0.143;-0.261;3.075;16;0.037;0.524;3.077;17;0.019;0.075;3.114;18;0.071;-0.236;3.169;19;0.083;-0.266;3.085
Frame177;3.006;0;-0.040;0.567;3.093;1;-0.055;0.611;3.153;2;-0.072;0.912;3.212;3;-0.059;1.103;3.222;4;-0.209;0.791;3.179;5;-0.306;0.607;3.204;6;-0.437;0.586;3.041;7;-0.451;0.587;2.990;8;0.090;0.786;3.215;9;0.201;0.607;3.231;10;0.320;0.605;3.067;11;0.361;0.594;2.988;12;-0.093;0.482;3.054;13;-0.130;0.098;3.084;14;-0.154;-0.228;3.159;15;-0.143;-0.261;3.075;16;0.037;0.524;3.077;17;0.019;0.075;3.114;18;0.071;-0.236;3.169;19;0.083;-0.266;3.085
Frame178;3.023;0;-0.046;0.565;3.093;1;-0.054;0.610;3.152;2;-0.071;0.912;3.212;3;-0.059;1.104;3.222;4;-0.205;0.792;3.177;5;-0.301;0.606;3.208;6;-0.416;0.536;3.039;7;-0.434;0.529;2.975;8;0.091;0.785;3.215;9;0.191;0.603;3.236;10;0.302;0.575;3.066;11;0.320;0.539;2.983;12;-0.113;0.492;3.053;13;-0.128;0.103;3.082;14;-0.153;-0.229;3.159;15;-0.142;-0.261;3.076;16;0.007;0.509;3.077;17;0.020;0.075;3.116;18;0.072;-0.236;3.170;19;0.084;-0.266;3.085
Frame179;3.039;0;-0.040;0.568;3.095;1;-0.051;0.609;3.153;2;-0.062;0.886;3.209;3;-0.059;1.103;3.222;4;-0.212;0.788;3.177;5;-0.308;0.610;3.208;6;-0.399;0.500;3.036;7;-0.411;0.481;2.976;8;0.090;0.782;3.211;9;0.186;0.602;3.238;10;0.273;0.529;3.064;11;0.287;0.496;2.996;12;-0.101;0.501;3.060;13;-0.127;0.103;3.081;14;-0.153;-0.229;3.159;15;-0.142;-0.261;3.076;16;0.019;0.508;3.080;17;0.022;0.074;3.119;18;0.072;-0.237;3.171;19;0.084;-0.266;3.085
Frame180;3.056;0;-0.040;0.568;3.095;1;-0.051;0.609;3.153;2;-0.062;0.886;3.209;3;-0.059;1.103;3.222;4;-0.212;0.788;3.177;5;-0.308;0.610;3.208;6;-0.399;0.500;3.036;7;-0.411;0.481;2.976;8;0.090;0.782;3.211;9;0.186;0.602;3.238;10;0.273;0.529;3.064;11;0.287;0.496;2.996;12;-0.101;0.501;3.060;13;-0.127;0.103;3.081;14;-0.153;-0.229;3.159;15;-0.142;-0.261;3.076;16;0.019;0.508;3.080;17;0.022;0.074;3.119;18;0.072;-0.237;3.171;19;0.084;-0.266;3.085
Frame181;3.073;0;-0.040;0.568;3.095;1;-0.051;0.609;3.153;2;-0.062;0.886;3.209;3;-0.059;1.103;3.222;4;-0.212;0.788;3.177;5;-0.308;0.610;3.208;6;-0.399;0.500;3.036;7;-0.411;0.481;2.976;8;0.090;0.782;3.211;9;0.186;0.602;3.238;10;0.273;0.529;3.064;11;0.287;0.496;2.996;12;-0.101;0.501;3.060;13;-0.127;0.103;3.081;14;-0.153;-0.229;3.159;15;-0.142;-0.261;3.076;16;0.019;0.508;3.080;17;0.022;0.074;3.119;18;0.072;-0.237;3.171;19;0.084;-0.266;3.085
Frame182;3.089;0;-0.037;0.568;3.099;1;-0.048;0.607;3.155;2;-0.058;0.873;3.208;3;-0.058;1.102;3.222;4;-0.211;0.787;3.176;5;-0.315;0.605;3.209;6;-0.380;0.470;3.036;7;-0.394;0.424;2.966;8;0.090;0.778;3.206;9;0.183;0.602;3.239;10;0.247;0.490;3.068;11;0.260;0.449;2.997;12;-0.095;0.505;3.065;13;-0.126;0.103;3.080;14;-0.153;-0.229;3.159;15;-0.141;-0.261;3.076;16;0.018;0.497;3.095;17;0.024;0.071;3.122;18;0.073;-0.237;3.172;19;0.084;-0.266;3.085
Frame183;3.106;0;-0.037;0.568;3.099;1;-0.048;0.607;3.155;2;-0.058;0.873;3.208;3;-0.058;1.102;3.222;4;-0.211;0.787;3.176;5;-0.315;0.605;3.209;6;-0.380;0.470;3.036;7;-0.394;0.424;2.966;8;0.090;0.778;3.206;9;0.183;0.602;3.239;10;0.247;0.490;3.068;11;0.260;0.449;2.997;12;-0.095;0.505;3.065;13;-0.126;0.103;3.080;14;-0.153;-0.229;3.159;15;-0.141;-0.261;3.076;16;0.018;0.497;3.095;17;0.024;0.071;3.122;18;0.073;-0.237;3.172;19;0.084;-0.266;3.085
Frame184;3.123;0;-0.066;0.565;3.119;1;-0.066;0.607;3.170;2;-0.060;0.876;3.210;3;-0.056;1.102;3.223;4;-0.211;0.787;3.175;5;-0.317;0.600;3.207;6;-0.371;0.454;3.036;7;-0.385;0.393;2.963;8;0.089;0.774;3.201;9;0.181;0.596;3.235;10;0.236;0.464;3.066;11;0.241;0.398;3.000;12;-0.125;0.509;3.084;13;-0.125;0.104;3.080;14;-0.152;-0.228;3.159;15;-0.141;-0.261;3.076;16;-0.013;0.488;3.120;17;0.025;0.069;3.124;18;0.073;-0.238;3.173;19;0.084;-0.266;3.085
Frame185;3.140;0;-0.074;0.566;3.122;1;-0.071;0.607;3.174;2;-0.061;0.881;3.212;3;-0.054;1.101;3.224;4;-0.211;0.786;3.175;5;-0.320;0.593;3.204;6;-0.362;0.437;3.040;7;-0.370;0.364;2.972;8;0.088;0.772;3.198;9;0.180;0.589;3.230;10;0.219;0.428;3.073;11;0.210;0.347;3.021;12;-0.135;0.512;3.087;13;-0.123;0.095;3.084;14;-0.152;-0.228;3.159;15;-0.141;-0.261;3.076;16;-0.021;0.488;3.122;17;0.026;0.067;3.125;18;0.074;-0.238;3.174;19;0.084;-0.267;3.086
Frame186;3.157;0;-0.074;0.566;3.122;1;-0.071;0.607;3.174;2;-0.061;0.881;3.212;3;-0.054;1.101;3.224;4;-0.211;0.786;3.175;5;-0.320;0.593;3.204;6;-0.362;0.437;3.040;7;-0.370;0.364;2.972;8;0.088;0.772;3.198;9;0.180;0.589;3.230;10;0.219;0.428;3.073;11;0.210;0.347;3.021;12;-0.135;0.512;3.087;13;-0.123;0.095;3.084;14;-0.152;-0.228;3.159;15;-0.141;-0.261;3.076;16;-0.021;0.488;3.122;17;0.026;0.067;3.125;18;0.074;-0.238;3.174;19;0.084;-0.267;3.086
Frame187;3.175;0;-0.079;0.567;3.124;1;-0.075;0.607;3.176;2;-0.062;0.887;3.214;3;-0.053;1.101;3.224;4;-0.211;0.786;3.174;5;-0.322;0.579;3.195;6;-0.343;0.407;3.052;7;-0.349;0.327;2.992;8;0.086;0.771;3.194;9;0.178;0.579;3.224;10;0.205;0.400;3.085;11;0.194;0.318;3.035;12;-0.141;0.514;3.089;13;-0.122;0.094;3.085;14;-0.152;-0.228;3.159;15;-0.141;-0.261;3.076;16;-0.025;0.493;3.115;17;0.027;0.065;3.126;18;0.074;-0.238;3.174;19;0.083;-0.267;3.087
Frame188;3.192;0;-0.079;0.567;3.124;1;-0.075;0.607;3.176;2;-0.062;0.887;3.214;3;-0.053;1.101;3.224;4;-0.211;0.786;3.174;5;-0.322;0.579;3.195;6;-0.343;0.407;3.052;7;-0.349;0.327;2.992;8;0.086;0.771;3.194;9;0.178;0.579;3.224;10;0.205;0.400;3.085;11;0.194;0.318;3.035;12;-0.141;0.514;3.089;13;-0.122;0.094;3.085;14;-0.152;-0.228;3.159;15;-0.141;-0.261;3.076;16;-0.025;0.493;3.115;17;0.027;0.065;3.126;18;0.074;-0.238;3.174;19;0.083;-0.267;3.087
Frame189;3.209;0;-0.081;0.568;3.122;1;-0.077;0.608;3.176;2;-0.063;0.891;3.215;3;-0.052;1.101;3.225;4;-0.211;0.785;3.174;5;-0.321;0.571;3.189;6;-0.335;0.393;3.060;7;-0.343;0.310;3.007;8;0.085;0.771;3.192;9;0.177;0.567;3.219;10;0.199;0.381;3.095;11;0.194;0.295;3.071;12;-0.145;0.515;3.089;13;-0.116;0.118;3.075;14;-0.151;-0.222;3.157;15;-0.141;-0.253;3.073;16;-0.024;0.498;3.106;17;0.027;0.064;3.126;18;0.074;-0.238;3.175;19;0.083;-0.267;3.087
Frame190;3.226;0;-0.081;0.568;3.122;1;-0.077;0.608;3.176;2;-0.063;0.891;3.215;3;-0.052;1.101;3.225;4;-0.211;0.785;3.174;5;-0.321;0.571;3.189;6;-0.335;0.393;3.060;7;-0.343;0.310;3.007;8;0.085;0.771;3.192;9;0.177;0.567;3.219;10;0.199;0.381;3.095;11;0.194;0.295;3.071;12;-0.145;0.515;3.089;13;-0.116;0.118;3.075;14;-0.151;-0.222;3.157;15;-0.141;-0.253;3.073;16;-0.024;0.498;3.106;17;0.027;0.064;3.126;18;0.074;-0.238;3.175;19;0.083;-0.267;3.087
Frame191;3.243;0;-0.081;0.571;3.115;1;-0.078;0.610;3.173;2;-0.063;0.896;3.216;3;-0.052;1.101;3.225;4;-0.210;0.785;3.174;5;-0.318;0.566;3.185;6;-0.328;0.370;3.070;7;-0.340;0.295;3.024;8;0.084;0.771;3.190;9;0.176;0.553;3.215;10;0.188;0.363;3.104;11;0.190;0.282;3.089;12;-0.147;0.521;3.076;13;-0.116;0.103;3.087;14;-0.150;-0.221;3.157;15;-0.142;-0.252;3.073;16;-0.022;0.503;3.097;17;0.028;0.064;3.127;18;0.074;-0.238;3.175;19;0.083;-0.268;3.088
Frame192;3.260;0;-0.081;0.571;3.115;1;-0.078;0.610;3.173;2;-0.063;0.896;3.216;3;-0.052;1.101;3.225;4;-0.210;0.785;3.174;5;-0.318;0.566;3.185;6;-0.328;0.370;3.070;7;-0.340;0.295;3.024;8;0.084;0.771;3.190;9;0.176;0.553;3.215;10;0.188;0.363;3.104;11;0.190;0.282;3.089;12;-0.147;0.521;3.076;13;-0.116;0.103;3.087;14;-0.150;-0.221;3.157;15;-0.142;-0.252;3.073;16;-0.022;0.503;3.097;17;0.028;0.064;3.127;18;0.074;-0.238;3.175;19;0.083;-0.268;3.088
Frame193;3.276;0;-0.091;0.557;3.095;1;-0.083;0.603;3.161;2;-0.062;0.899;3.217;3;-0.051;1.101;3.225;4;-0.210;0.785;3.173;5;-0.302;0.548;3.179;6;-0.324;0.361;3.076;7;-0.338;0.288;3.034;8;0.083;0.771;3.188;9;0.174;0.543;3.212;10;0.183;0.353;3.111;11;0.190;0.274;3.108;12;-0.162;0.501;3.070;13;-0.118;0.080;3.100;14;-0.150;-0.221;3.157;15;-0.142;-0.252;3.073;16;-0.033;0.489;3.060;17;0.028;0.062;3.127;18;0.074;-0.239;3.175;19;0.082;-0.268;3.089
Frame194;3.293;0;-0.091;0.557;3.095;1;-0.083;0.603;3.161;2;-0.062;0.899;3.217;3;-0.051;1.101;3.225;4;-0.210;0.785;3.173;5;-0.302;0.548;3.179;6;-0.324;0.361;3.076;7;-0.338;0.288;3.034;8;0.083;0.771;3.188;9;0.174;0.543;3.212;10;0.183;0.353;3.111;11;0.190;0.274;3.108;12;-0.162;0.501;3.070;13;-0.118;0.080;3.100;14;-0.150;-0.221;3.157;15;-0.142;-0.252;3.073;16;-0.033;0.489;3.060;17;0.028;0.062;3.127;18;0.074;-0.239;3.175;19;0.082;-0.268;3.089
Frame195;3.310;0;-0.091;0.552;3.088;1;-0.084;0.599;3.155;2;-0.060;0.902;3.218;3;-0.051;1.101;3.225;4;-0.210;0.781;3.168;5;-0.299;0.539;3.178;6;-0.322;0.353;3.084;7;-0.342;0.287;3.059;8;0.083;0.771;3.187;9;0.173;0.536;3.209;10;0.179;0.342;3.118;11;0.188;0.267;3.121;12;-0.154;0.493;3.053;13;-0.119;0.071;3.105;14;-0.150;-0.221;3.157;15;-0.142;-0.252;3.073;16;-0.033;0.487;3.054;17;0.029;0.061;3.127;18;0.074;-0.239;3.176;19;0.082;-0.269;3.089
Frame196;3.327;0;-0.091;0.552;3.088;1;-0.084;0.599;3.155;2;-0.060;0.902;3.218;3;-0.051;1.101;3.225;4;-0.210;0.781;3.168;5;-0.299;0.539;3.178;6;-0.322;0.353;3.084;7;-0.342;0.287;3.059;8;0.083;0.771;3.187;9;0.173;0.536;3.209;10;0.179;0.342;3.118;11;0.188;0.267;3.121;12;-0.154;0.493;3.053;13;-0.119;0.071;3.105;14;-0.150;-0.221;3.157;15;-0.142;-0.252;3.073;16;-0.033;0.487;3.054;17;0.029;0.061;3.127;18;0.074;-0.239;3.176;19;0.082;-0.269;3.089
Frame197;3.344;0;-0.092;0.550;3.085;1;-0.085;0.597;3.152;2;-0.057;0.886;3.209;3;-0.051;1.101;3.225;4;-0.210;0.778;3.165;5;-0.297;0.534;3.177;6;-0.320;0.346;3.094;7;-0.340;0.285;3.074;8;0.083;0.772;3.187;9;0.172;0.532;3.208;10;0.176;0.337;3.122;11;0.187;0.262;3.130;12;-0.155;0.488;3.049;13;-0.120;0.066;3.107;14;-0.150;-0.222;3.157;15;-0.142;-0.253;3.073;16;-0.034;0.486;3.055;17;0.029;0.061;3.127;18;0.074;-0.239;3.176;19;0.082;-0.269;3.089
Frame198;3.361;0;-0.092;0.550;3.085;1;-0.085;0.597;3.152;2;-0.057;0.886;3.209;3;-0.051;1.101;3.225;4;-0.210;0.778;3.165;5;-0.297;0.534;3.177;6;-0.320;0.346;3.094;7;-0.340;0.285;3.074;8;0.083;0.772;3.187;9;0.172;0.532;3.208;10;0.176;0.337;3.122;11;0.187;0.262;3.130;12;-0.155;0.488;3.049;13;-0.120;0.066;3.107;14;-0.150;-0.222;3.157;15;-0.142;-0.253;3.073;16;-0.034;0.486;3.055;17;0.029;0.061;3.127;18;0.074;-0.239;3.176;19;0.082;-0.269;3.089
Frame199;3.377;0;-0.042;0.541;3.110;1;-0.048;0.591;3.170;2;-0.056;0.888;3.208;3;-0.050;1.101;3.225;4;-0.210;0.777;3.163;5;-0.296;0.531;3.176;6;-0.318;0.344;3.102;7;-0.318;0.279;3.105;8;0.091;0.781;3.199;9;0.172;0.530;3.207;10;0.189;0.339;3.159;11;0.187;0.260;3.139;12;-0.102;0.467;3.084;13;-0.121;0.065;3.108;14;-0.150;-0.222;3.157;15;-0.142;-0.254;3.073;16;0.037;0.486;3.096;17;0.028;0.063;3.124;18;0.074;-0.239;3.176;19;0.082;-0.269;3.089
Frame200;3.394;0;-0.042;0.541;3.110;1;-0.048;0.591;3.170;2;-0.056;0.888;3.208;3;-0.050;1.101;3.225;4;-0.210;0.777;3.163;5;-0.296;0.531;3.176;6;-0.318;0.344;3.102;7;-0.318;0.279;3.105;8;0.091;0.781;3.199;9;0.172;0.530;3.207;10;0.189;0.339;3.159;11;0.187;0.260;3.139;12;-0.102;0.467;3.084;13;-0.121;0.065;3.108;14;-0.150;-0.222;3.157;15;-0.142;-0.254;3.073;16;0.037;0.486;3.096;17;0.028;0.063;3.124;18;0.074;-0.239;3.176;19;0.082;-0.269;3.089
Frame201;3.411;0;-0.036;0.535;3.110;1;-0.047;0.578;3.166;2;-0.058;0.857;3.196;3;-0.050;1.090;3.224;4;-0.209;0.777;3.162;5;-0.295;0.530;3.177;6;-0.317;0.344;3.108;7;-0.311;0.276;3.117;8;0.096;0.785;3.204;9;0.171;0.529;3.206;10;0.190;0.339;3.166;11;0.187;0.259;3.145;12;-0.097;0.462;3.086;13;-0.121;0.064;3.107;14;-0.150;-0.223;3.158;15;-0.141;-0.254;3.073;16;0.034;0.478;3.092;17;0.027;0.064;3.123;18;0.074;-0.239;3.176;19;0.082;-0.269;3.089
Frame202;3.428;0;-0.036;0.535;3.110;1;-0.047;0.578;3.166;2;-0.058;0.857;3.196;3;-0.050;1.090;3.224;4;-0.209;0.777;3.162;5;-0.295;0.530;3.177;6;-0.317;0.344;3.108;7;-0.311;0.276;3.117;8;0.096;0.785;3.204;9;0.171;0.529;3.206;10;0.190;0.339;3.166;11;0.187;0.259;3.145;12;-0.097;0.462;3.086;13;-0.121;0.064;3.107;14;-0.150;-0.223;3.158;15;-0.141;-0.254;3.073;16;0.034;0.478;3.092;17;0.027;0.064;3.123;18;0.074;-0.239;3.176;19;0.082;-0.269;3.089
Frame203;3.444;0;-0.044;0.543;3.097;1;-0.051;0.582;3.155;2;-0.052;0.878;3.201;3;-0.049;1.089;3.224;4;-0.209;0.776;3.162;5;-0.294;0.529;3.178;6;-0.316;0.344;3.116;7;-0.301;0.275;3.121;8;0.098;0.782;3.204;9;0.172;0.526;3.208;10;0.191;0.338;3.171;11;0.187;0.259;3.149;12;-0.119;0.473;3.061;13;-0.121;0.065;3.107;14;-0.150;-0.223;3.158;15;-0.141;-0.255;3.073;16;0.027;0.485;3.081;17;0.026;0.066;3.121;18;0.074;-0.239;3.176;19;0.082;-0.269;3.089
Frame204;3.461;0;-0.044;0.543;3.097;1;-0.051;0.582;3.155;2;-0.052;0.878;3.201;3;-0.049;1.089;3.224;4;-0.209;0.776;3.162;5;-0.294;0.529;3.178;6;-0.316;0.344;3.116;7;-0.301;0.275;3.121;8;0.098;0.782;3.204;9;0.172;0.526;3.208;10;0.191;0.338;3.171;11;0.187;0.259;3.149;12;-0.119;0.473;3.061;13;-0.121;0.065;3.107;14;-0.150;-0.223;3.158;15;-0.141;-0.255;3.073;16;0.027;0.485;3.081;17;0.026;0.066;3.121;18;0.074;-0.239;3.176;19;0.082;-0.269;3.089
Frame205;3.478;0;-0.053;0.548;3.090;1;-0.057;0.587;3.149;2;-0.049;0.890;3.204;3;-0.048;1.089;3.224;4;-0.209;0.776;3.161;5;-0.295;0.530;3.180;6;-0.316;0.345;3.120;7;-0.296;0.275;3.123;8;0.099;0.782;3.204;9;0.172;0.525;3.209;10;0.191;0.339;3.170;11;0.188;0.259;3.151;12;-0.133;0.480;3.051;13;-0.121;0.066;3.105;14;-0.150;-0.224;3.158;15;-0.141;-0.255;3.073;16;0.013;0.490;3.077;17;0.026;0.069;3.118;18;0.074;-0.239;3.175;19;0.082;-0.269;3.089
Frame206;3.495;0;-0.053;0.548;3.090;1;-0.057;0.587;3.149;2;-0.049;0.890;3.204;3;-0.048;1.089;3.224;4;-0.209;0.776;3.161;5;-0.295;0.530;3.180;6;-0.316;0.345;3.120;7;-0.296;0.275;3.123;8;0.099;0.782;3.204;9;0.172;0.525;3.209;10;0.191;0.339;3.170;11;0.188;0.259;3.151;12;-0.133;0.480;3.051;13;-0.121;0.066;3.105;14;-0.150;-0.224;3.158;15;-0.141;-0.255;3.073;16;0.013;0.490;3.077;17;0.026;0.069;3.118;18;0.074;-0.239;3.175;19;0.082;-0.269;3.089
